Position,Name + ID,Name,ID,Roster Position,Salary,Game Info,TeamAbbrev,AvgPointsPerGame
C,Connor McDavid (26069418),Connor McDavid,26069418,C/UTIL,9800,EDM@CGY 12/27/2022 09:00PM ET,EDM,21.05
RW,David Pastrnak (26069682),David Pastrnak,26069682,W/UTIL,9300,BOS@OTT 12/27/2022 07:00PM ET,BOS,19.88
C,Auston Matthews (26069420),Auston Matthews,26069420,C/UTIL,9100,TOR@STL 12/27/2022 08:00PM ET,TOR,17.38
C,Tage Thompson (26069422),Tage Thompson,26069422,C/UTIL,8800,BUF@CLS 12/27/2022 07:30PM ET,BUF,19.94
D,Roman Josi (26070244),Roman Josi,26070244,D/UTIL,8700,DAL@NSH 12/27/2022 08:00PM ET,NSH,18.24
LW,Kirill Kaprizov (26069684),Kirill Kaprizov,26069684,W/UTIL,8600,MIN@WPG 12/27/2022 08:00PM ET,MIN,16.94
LW,Alex Ovechkin (26069686),Alex Ovechkin,26069686,W/UTIL,8500,WAS@NYR 12/27/2022 07:00PM ET,WAS,16.72
G,Pyotr Kochetkov (26070694),Pyotr Kochetkov,26070694,G,8500,CHI@CAR 12/27/2022 07:00PM ET,CAR,16.05
C,Nathan MacKinnon (26069424),Nathan MacKinnon,26069424,C/UTIL,8500,COL@ARI 12/27/2022 09:00PM ET,COL,19.44
G,Linus Ullmark (26070695),Linus Ullmark,26070695,G,8400,BOS@OTT 12/27/2022 07:00PM ET,BOS,18.47
LW,Jason Robertson (26069688),Jason Robertson,26069688,W/UTIL,8400,DAL@NSH 12/27/2022 08:00PM ET,DAL,17.83
G,Antti Raanta (26070696),Antti Raanta,26070696,G,8300,CHI@CAR 12/27/2022 07:00PM ET,CAR,9.43
G,Matt Murray (26070697),Matt Murray,26070697,G,8300,TOR@STL 12/27/2022 08:00PM ET,TOR,17.49
LW,Leon Draisaitl (26069690),Leon Draisaitl,26069690,W/UTIL,8300,EDM@CGY 12/27/2022 09:00PM ET,EDM,16.97
G,Jeremy Swayman (26070699),Jeremy Swayman,26070699,G,8200,BOS@OTT 12/27/2022 07:00PM ET,BOS,9.62
G,Alexandar Georgiev (26070698),Alexandar Georgiev,26070698,G,8200,COL@ARI 12/27/2022 09:00PM ET,COL,17.58
LW,Brady Tkachuk (26069692),Brady Tkachuk,26069692,W/UTIL,8100,BOS@OTT 12/27/2022 07:00PM ET,OTT,15.32
G,Craig Anderson (26070701),Craig Anderson,26070701,G,8100,BUF@CLS 12/27/2022 07:30PM ET,BUF,17.38
G,Ilya Samsonov (26070700),Ilya Samsonov,26070700,G,8100,TOR@STL 12/27/2022 08:00PM ET,TOR,15.25
G,Jake Oettinger (26070702),Jake Oettinger,26070702,G,8100,DAL@NSH 12/27/2022 08:00PM ET,DAL,14.55
G,Scott Wedgewood (26070703),Scott Wedgewood,26070703,G,8100,DAL@NSH 12/27/2022 08:00PM ET,DAL,13.28
G,Tristan Jarry (26070706),Tristan Jarry,26070706,G,8000,PIT@NYI 12/27/2022 07:30PM ET,PIT,18.02
RW,Mikko Rantanen (26069694),Mikko Rantanen,26069694,W/UTIL,8000,COL@ARI 12/27/2022 09:00PM ET,COL,17.18
G,Pavel Francouz (26070704),Pavel Francouz,26070704,G,8000,COL@ARI 12/27/2022 09:00PM ET,COL,14.8
G,Logan Thompson (26070705),Logan Thompson,26070705,G,8000,VGK@LA 12/27/2022 10:30PM ET,VGK,15.58
G,Ukko-Pekka Luukkonen (26070710),Ukko-Pekka Luukkonen,26070710,G,7900,BUF@CLS 12/27/2022 07:30PM ET,BUF,11.46
G,Connor Hellebuyck (26070709),Connor Hellebuyck,26070709,G,7900,MIN@WPG 12/27/2022 08:00PM ET,WPG,18.29
LW,Timo Meier (26069696),Timo Meier,26069696,W/UTIL,7900,SJ@VAN 12/27/2022 10:00PM ET,SJ,15.93
G,Spencer Martin (26070707),Spencer Martin,26070707,G,7900,SJ@VAN 12/27/2022 10:00PM ET,VAN,10.16
G,Collin Delia (26070708),Collin Delia,26070708,G,7900,SJ@VAN 12/27/2022 10:00PM ET,VAN,15.1
G,Igor Shesterkin (26070714),Igor Shesterkin,26070714,G,7800,WAS@NYR 12/27/2022 07:00PM ET,NYR,14.88
G,Casey DeSmith (26070713),Casey DeSmith,26070713,G,7800,PIT@NYI 12/27/2022 07:30PM ET,PIT,14.38
G,Stuart Skinner (26070712),Stuart Skinner,26070712,G,7800,EDM@CGY 12/27/2022 09:00PM ET,EDM,14.58
D,Erik Karlsson (26070246),Erik Karlsson,26070246,D/UTIL,7800,SJ@VAN 12/27/2022 10:00PM ET,SJ,15.56
G,Adin Hill (26070711),Adin Hill,26070711,G,7800,VGK@LA 12/27/2022 10:30PM ET,VGK,12.28
G,David Rittich (26070715),David Rittich,26070715,G,7700,MIN@WPG 12/27/2022 08:00PM ET,WPG,11.99
RW,Valeri Nichushkin (26069698),Valeri Nichushkin,26069698,W/UTIL,7700,COL@ARI 12/27/2022 09:00PM ET,COL,13.7
G,Charlie Lindgren (26070716),Charlie Lindgren,26070716,G,7600,WAS@NYR 12/27/2022 07:00PM ET,WAS,13.51
G,Darcy Kuemper (26070717),Darcy Kuemper,26070717,G,7600,WAS@NYR 12/27/2022 07:00PM ET,WAS,13.33
G,Jaroslav Halak (26070721),Jaroslav Halak,26070721,G,7600,WAS@NYR 12/27/2022 07:00PM ET,NYR,8.09
C,Sidney Crosby (26069426),Sidney Crosby,26069426,C/UTIL,7600,PIT@NYI 12/27/2022 07:30PM ET,PIT,14.71
LW,Kyle Connor (26069700),Kyle Connor,26069700,W/UTIL,7600,MIN@WPG 12/27/2022 08:00PM ET,WPG,14.24
G,Jacob Markstrom (26070718),Jacob Markstrom,26070718,G,7600,EDM@CGY 12/27/2022 09:00PM ET,CGY,10.12
G,Dan Vladar (26070719),Dan Vladar,26070719,G,7600,EDM@CGY 12/27/2022 09:00PM ET,CGY,11.71
G,Jack Campbell (26070720),Jack Campbell,26070720,G,7600,EDM@CGY 12/27/2022 09:00PM ET,EDM,9.48
RW,Mats Zuccarello (26069702),Mats Zuccarello,26069702,W/UTIL,7500,MIN@WPG 12/27/2022 08:00PM ET,MIN,13.26
G,Marc-Andre Fleury (26070723),Marc-Andre Fleury,26070723,G,7500,MIN@WPG 12/27/2022 08:00PM ET,MIN,11.72
G,Filip Gustavsson (26070724),Filip Gustavsson,26070724,G,7500,MIN@WPG 12/27/2022 08:00PM ET,MIN,14.39
D,Cale Makar (26070248),Cale Makar,26070248,D/UTIL,7500,COL@ARI 12/27/2022 09:00PM ET,COL,13.62
C,Bo Horvat (26069428),Bo Horvat,26069428,C/UTIL,7500,SJ@VAN 12/27/2022 10:00PM ET,VAN,14.67
G,James Reimer (26070722),James Reimer,26070722,G,7500,SJ@VAN 12/27/2022 10:00PM ET,SJ,12.77
LW,Jake Guentzel (26069704),Jake Guentzel,26069704,W/UTIL,7400,PIT@NYI 12/27/2022 07:30PM ET,PIT,13.26
G,Ilya Sorokin (26070725),Ilya Sorokin,26070725,G,7400,PIT@NYI 12/27/2022 07:30PM ET,NYI,15.08
C,Jack Eichel (26069430),Jack Eichel,26069430,C/UTIL,7400,VGK@LA 12/27/2022 10:30PM ET,VGK,15.16
G,Jonathan Quick (26070726),Jonathan Quick,26070726,G,7400,VGK@LA 12/27/2022 10:30PM ET,LA,9.34
G,Pheonix Copley (26070727),Pheonix Copley,26070727,G,7400,VGK@LA 12/27/2022 10:30PM ET,LA,15.16
C,Mika Zibanejad (26069432),Mika Zibanejad,26069432,C/UTIL,7300,WAS@NYR 12/27/2022 07:00PM ET,NYR,14.37
D,John Carlson (26070250),John Carlson,26070250,D/UTIL,7300,WAS@NYR 12/27/2022 07:00PM ET,WAS,14.78
G,Joonas Korpisalo (26070728),Joonas Korpisalo,26070728,G,7300,BUF@CLS 12/27/2022 07:30PM ET,CLS,11.86
G,Daniil Tarasov (26070729),Daniil Tarasov,26070729,G,7300,BUF@CLS 12/27/2022 07:30PM ET,CLS,11.54
RW,William Nylander (26069706),William Nylander,26069706,W/UTIL,7300,TOR@STL 12/27/2022 08:00PM ET,TOR,14.36
G,Juuse Saros (26070730),Juuse Saros,26070730,G,7300,DAL@NSH 12/27/2022 08:00PM ET,NSH,14.22
G,Kevin Lankinen (26070731),Kevin Lankinen,26070731,G,7300,DAL@NSH 12/27/2022 08:00PM ET,NSH,14.97
G,Kaapo Kahkonen (26070732),Kaapo Kahkonen,26070732,G,7300,SJ@VAN 12/27/2022 10:00PM ET,SJ,7.74
LW,Alex DeBrincat (26069708),Alex DeBrincat,26069708,W/UTIL,7200,BOS@OTT 12/27/2022 07:00PM ET,OTT,12.99
G,Cory Schneider (26070734),Cory Schneider,26070734,G,7200,PIT@NYI 12/27/2022 07:30PM ET,NYI,0
G,Karel Vejmelka (26070733),Karel Vejmelka,26070733,G,7200,COL@ARI 12/27/2022 09:00PM ET,ARI,14.98
C,Elias Pettersson (26069434),Elias Pettersson,26069434,C/UTIL,7200,SJ@VAN 12/27/2022 10:00PM ET,VAN,15.86
C,Patrice Bergeron (26069436),Patrice Bergeron,26069436,C/UTIL,7100,BOS@OTT 12/27/2022 07:00PM ET,BOS,12.40
LW,Brad Marchand (26069710),Brad Marchand,26069710,W/UTIL,7100,BOS@OTT 12/27/2022 07:00PM ET,BOS,11.52
G,Jordan Binnington (26070735),Jordan Binnington,26070735,G,7100,TOR@STL 12/27/2022 08:00PM ET,STL,11.15
G,Thomas Greiss (26070736),Thomas Greiss,26070736,G,7100,TOR@STL 12/27/2022 08:00PM ET,STL,13.41
G,Cam Talbot (26070738),Cam Talbot,26070738,G,7000,BOS@OTT 12/27/2022 07:00PM ET,OTT,12.04
G,Anton Forsberg (26070739),Anton Forsberg,26070739,G,7000,BOS@OTT 12/27/2022 07:00PM ET,OTT,11.93
C,Roope Hintz (26069438),Roope Hintz,26069438,C/UTIL,7000,DAL@NSH 12/27/2022 08:00PM ET,DAL,12.86
RW,Zach Hyman (26069712),Zach Hyman,26069712,W/UTIL,7000,EDM@CGY 12/27/2022 09:00PM ET,EDM,14.42
LW,Evander Kane (26069714),Evander Kane,26069714,W/UTIL,7000,EDM@CGY 12/27/2022 09:00PM ET,EDM,13.49
G,Connor Ingram (26070737),Connor Ingram,26070737,G,7000,COL@ARI 12/27/2022 09:00PM ET,ARI,7.49
G,Petr Mrazek (26070740),Petr Mrazek,26070740,G,6900,CHI@CAR 12/27/2022 07:00PM ET,CHI,7.09
G,Alex Stalock (26070741),Alex Stalock,26070741,G,6900,CHI@CAR 12/27/2022 07:00PM ET,CHI,13.08
D,Rasmus Dahlin (26070252),Rasmus Dahlin,26070252,D/UTIL,6900,BUF@CLS 12/27/2022 07:30PM ET,BUF,15.88
RW,Mitchell Marner (26069716),Mitchell Marner,26069716,W/UTIL,6900,TOR@STL 12/27/2022 08:00PM ET,TOR,12.8
C,Nazem Kadri (26069440),Nazem Kadri,26069440,C/UTIL,6900,EDM@CGY 12/27/2022 09:00PM ET,CGY,11.47
RW,Patrik Laine (26069718),Patrik Laine,26069718,W/UTIL,6800,BUF@CLS 12/27/2022 07:30PM ET,CLS,12.82
C,John Tavares (26069442),John Tavares,26069442,C/UTIL,6800,TOR@STL 12/27/2022 08:00PM ET,TOR,12.53
RW,Jordan Kyrou (26069720),Jordan Kyrou,26069720,W/UTIL,6800,TOR@STL 12/27/2022 08:00PM ET,STL,14.19
RW,Alex Tuch (26069724),Alex Tuch,26069724,W/UTIL,6700,BUF@CLS 12/27/2022 07:30PM ET,BUF,12.95
C,Joel Eriksson Ek (26069444),Joel Eriksson Ek,26069444,C/UTIL,6700,MIN@WPG 12/27/2022 08:00PM ET,MIN,11.97
RW,Jonathan Marchessault (26069722),Jonathan Marchessault,26069722,W/UTIL,6700,VGK@LA 12/27/2022 10:30PM ET,VGK,11.39
C,Sebastian Aho (26069446),Sebastian Aho,26069446,C/UTIL,6600,CHI@CAR 12/27/2022 07:00PM ET,CAR,12.28
LW,Johnny Gaudreau (26069726),Johnny Gaudreau,26069726,W/UTIL,6600,BUF@CLS 12/27/2022 07:30PM ET,CLS,11.40
C,Mark Scheifele (26069448),Mark Scheifele,26069448,C/UTIL,6600,MIN@WPG 12/27/2022 08:00PM ET,WPG,11.65
RW,Nikolaj Ehlers (26069728),Nikolaj Ehlers,26069728,W/UTIL,6600,MIN@WPG 12/27/2022 08:00PM ET,WPG,13.4
D,Alex Pietrangelo (26070254),Alex Pietrangelo,26070254,D/UTIL,6600,VGK@LA 12/27/2022 10:30PM ET,VGK,13.53
G,Keith Kinkaid (26070747),Keith Kinkaid,26070747,G,6500,BOS@OTT 12/27/2022 07:00PM ET,BOS,23.5
G,Kevin Mandolese (26070764),Kevin Mandolese,26070764,G,6500,BOS@OTT 12/27/2022 07:00PM ET,OTT,0
G,Hunter Shepard (26070749),Hunter Shepard,26070749,G,6500,WAS@NYR 12/27/2022 07:00PM ET,WAS,0
G,Zach Fucale (26070750),Zach Fucale,26070750,G,6500,WAS@NYR 12/27/2022 07:00PM ET,WAS,0
D,Brent Burns (26070256),Brent Burns,26070256,D/UTIL,6500,CHI@CAR 12/27/2022 07:00PM ET,CAR,11.22
G,Arvid Soderblom (26070743),Arvid Soderblom,26070743,G,6500,CHI@CAR 12/27/2022 07:00PM ET,CHI,9.57
G,Jaxson Stauber (26070744),Jaxson Stauber,26070744,G,6500,CHI@CAR 12/27/2022 07:00PM ET,CHI,0
G,Frederik Andersen (26070753),Frederik Andersen,26070753,G,6500,CHI@CAR 12/27/2022 07:00PM ET,CAR,9.79
LW,Jeff Skinner (26069730),Jeff Skinner,26069730,W/UTIL,6500,BUF@CLS 12/27/2022 07:30PM ET,BUF,14.25
G,Elvis Merzlikins (26070745),Elvis Merzlikins,26070745,G,6500,BUF@CLS 12/27/2022 07:30PM ET,CLS,5.58
G,Jet Greaves (26070746),Jet Greaves,26070746,G,6500,BUF@CLS 12/27/2022 07:30PM ET,CLS,0
G,Eric Comrie (26070762),Eric Comrie,26070762,G,6500,BUF@CLS 12/27/2022 07:30PM ET,BUF,10.06
G,Ben Bishop (26070763),Ben Bishop,26070763,G,6500,BUF@CLS 12/27/2022 07:30PM ET,BUF,0
C,Evgeni Malkin (26069450),Evgeni Malkin,26069450,C/UTIL,6500,PIT@NYI 12/27/2022 07:30PM ET,PIT,11.88
G,Semyon Varlamov (26070754),Semyon Varlamov,26070754,G,6500,PIT@NYI 12/27/2022 07:30PM ET,NYI,16.62
G,Joseph Woll (26070758),Joseph Woll,26070758,G,6500,TOR@STL 12/27/2022 08:00PM ET,TOR,0
G,Keith Petruzzelli (26070759),Keith Petruzzelli,26070759,G,6500,TOR@STL 12/27/2022 08:00PM ET,TOR,0
G,Erik Kallgren (26070760),Erik Kallgren,26070760,G,6500,TOR@STL 12/27/2022 08:00PM ET,TOR,9.62
G,Arvid Holm (26070755),Arvid Holm,26070755,G,6500,MIN@WPG 12/27/2022 08:00PM ET,WPG,0
G,Zane McIntyre (26070767),Zane McIntyre,26070767,G,6500,MIN@WPG 12/27/2022 08:00PM ET,MIN,0
G,Mike Smith (26070761),Mike Smith,26070761,G,6500,EDM@CGY 12/27/2022 09:00PM ET,EDM,0
G,Jonas Johansson (26070742),Jonas Johansson,26070742,G,6500,COL@ARI 12/27/2022 09:00PM ET,COL,0
G,Thatcher Demko (26070748),Thatcher Demko,26070748,G,6500,SJ@VAN 12/27/2022 10:00PM ET,VAN,8.54
G,Eetu Makiniemi (26070765),Eetu Makiniemi,26070765,G,6500,SJ@VAN 12/27/2022 10:00PM ET,SJ,8.9
G,Aaron Dell (26070766),Aaron Dell,26070766,G,6500,SJ@VAN 12/27/2022 10:00PM ET,SJ,9.1
G,Robin Lehner (26070751),Robin Lehner,26070751,G,6500,VGK@LA 12/27/2022 10:30PM ET,VGK,0
G,Laurent Brossoit (26070752),Laurent Brossoit,26070752,G,6500,VGK@LA 12/27/2022 10:30PM ET,VGK,0
G,Jacob Ingham (26070756),Jacob Ingham,26070756,G,6500,VGK@LA 12/27/2022 10:30PM ET,LA,0
G,Cal Petersen (26070757),Cal Petersen,26070757,G,6500,VGK@LA 12/27/2022 10:30PM ET,LA,7.41
C,Pierre-Luc Dubois (26069452),Pierre-Luc Dubois,26069452,C/UTIL,6400,MIN@WPG 12/27/2022 08:00PM ET,WPG,12.57
LW,Artturi Lehkonen (26069732),Artturi Lehkonen,26069732,W/UTIL,6400,COL@ARI 12/27/2022 09:00PM ET,COL,10.39
D,Jakob Chychrun (26070258),Jakob Chychrun,26070258,D/UTIL,6400,COL@ARI 12/27/2022 09:00PM ET,ARI,13.04
RW,Drake Batherson (26069736),Drake Batherson,26069736,W/UTIL,6300,BOS@OTT 12/27/2022 07:00PM ET,OTT,11.94
D,Adam Fox (26070262),Adam Fox,26070262,D/UTIL,6300,WAS@NYR 12/27/2022 07:00PM ET,NYR,11.65
C,Dylan Cozens (26069454),Dylan Cozens,26069454,C/UTIL,6300,BUF@CLS 12/27/2022 07:30PM ET,BUF,11.62
LW,Filip Forsberg (26069734),Filip Forsberg,26069734,W/UTIL,6300,DAL@NSH 12/27/2022 08:00PM ET,NSH,11.27
D,Shea Theodore (26070260),Shea Theodore,26070260,D/UTIL,6300,VGK@LA 12/27/2022 10:30PM ET,VGK,10.77
C,Tim Stuetzle (26069456),Tim Stuetzle,26069456,C/UTIL,6200,BOS@OTT 12/27/2022 07:00PM ET,OTT,11.17
D,Thomas Chabot (26070264),Thomas Chabot,26070264,D/UTIL,6200,BOS@OTT 12/27/2022 07:00PM ET,OTT,10.55
LW,Andrei Svechnikov (26069738),Andrei Svechnikov,26069738,W/UTIL,6200,CHI@CAR 12/27/2022 07:00PM ET,CAR,12.03
LW,Chris Kreider (26069742),Chris Kreider,26069742,W/UTIL,6100,WAS@NYR 12/27/2022 07:00PM ET,NYR,11.39
RW,Martin Necas (26069740),Martin Necas,26069740,W/UTIL,6100,CHI@CAR 12/27/2022 07:00PM ET,CAR,12.61
D,Noah Dobson (26070266),Noah Dobson,26070266,D/UTIL,6100,PIT@NYI 12/27/2022 07:30PM ET,NYI,11.5
C,Ryan Nugent-Hopkins (26069458),Ryan Nugent-Hopkins,26069458,C/UTIL,6100,EDM@CGY 12/27/2022 09:00PM ET,EDM,13.03
D,Seth Jones (26070268),Seth Jones,26070268,D/UTIL,6000,CHI@CAR 12/27/2022 07:00PM ET,CHI,11.29
D,Justin Faulk (26070270),Justin Faulk,26070270,D/UTIL,6000,TOR@STL 12/27/2022 08:00PM ET,STL,10.45
C,Elias Lindholm (26069460),Elias Lindholm,26069460,C/UTIL,6000,EDM@CGY 12/27/2022 09:00PM ET,CGY,10.78
LW,Kevin Fiala (26069744),Kevin Fiala,26069744,W/UTIL,6000,VGK@LA 12/27/2022 10:30PM ET,LA,11.32
RW,Jake DeBrusk (26069746),Jake DeBrusk,26069746,W/UTIL,5900,BOS@OTT 12/27/2022 07:00PM ET,BOS,11.42
C,Brock Nelson (26069462),Brock Nelson,26069462,C/UTIL,5900,PIT@NYI 12/27/2022 07:30PM ET,NYI,12.18
RW,Matt Boldy (26069748),Matt Boldy,26069748,W/UTIL,5900,MIN@WPG 12/27/2022 08:00PM ET,MIN,10.74
D,Josh Morrissey (26070272),Josh Morrissey,26070272,D/UTIL,5900,MIN@WPG 12/27/2022 08:00PM ET,WPG,11.29
C,Tomas Hertl (26069464),Tomas Hertl,26069464,C/UTIL,5900,SJ@VAN 12/27/2022 10:00PM ET,SJ,11.46
LW,Artemi Panarin (26069750),Artemi Panarin,26069750,W/UTIL,5800,WAS@NYR 12/27/2022 07:00PM ET,NYR,11.87
D,Jacob Trouba (26070274),Jacob Trouba,26070274,D/UTIL,5800,WAS@NYR 12/27/2022 07:00PM ET,NYR,11.47
C,Anze Kopitar (26069466),Anze Kopitar,26069466,C/UTIL,5800,VGK@LA 12/27/2022 10:30PM ET,LA,10.25
D,Charlie McAvoy (26070276),Charlie McAvoy,26070276,D/UTIL,5700,BOS@OTT 12/27/2022 07:00PM ET,BOS,11.27
RW,Patrick Kane (26069752),Patrick Kane,26069752,W/UTIL,5700,CHI@CAR 12/27/2022 07:00PM ET,CHI,11.49
C,Logan Couture (26069468),Logan Couture,26069468,C/UTIL,5700,SJ@VAN 12/27/2022 10:00PM ET,SJ,10.58
LW,Taylor Hall (26069754),Taylor Hall,26069754,W/UTIL,5600,BOS@OTT 12/27/2022 07:00PM ET,BOS,11.15
C,Boone Jenner (26069470),Boone Jenner,26069470,C/UTIL,5600,BUF@CLS 12/27/2022 07:30PM ET,CLS,11.87
D,Miro Heiskanen (26070278),Miro Heiskanen,26070278,D/UTIL,5600,DAL@NSH 12/27/2022 08:00PM ET,DAL,10.51
RW,Blake Wheeler (26069758),Blake Wheeler,26069758,W/UTIL,5600,MIN@WPG 12/27/2022 08:00PM ET,WPG,10.13
RW,Tyler Toffoli (26069756),Tyler Toffoli,26069756,W/UTIL,5600,EDM@CGY 12/27/2022 09:00PM ET,CGY,10.89
C,J.T. Miller (26069472),J.T. Miller,26069472,C/UTIL,5600,SJ@VAN 12/27/2022 10:00PM ET,VAN,10.62
C,Vincent Trocheck (26069474),Vincent Trocheck,26069474,C/UTIL,5500,WAS@NYR 12/27/2022 07:00PM ET,NYR,10.99
RW,Vladimir Tarasenko (26069760),Vladimir Tarasenko,26069760,W/UTIL,5500,TOR@STL 12/27/2022 08:00PM ET,STL,10.84
RW,Joe Pavelski (26069762),Joe Pavelski,26069762,W/UTIL,5500,DAL@NSH 12/27/2022 08:00PM ET,DAL,11.53
D,Rasmus Andersson (26070280),Rasmus Andersson,26070280,D/UTIL,5500,EDM@CGY 12/27/2022 09:00PM ET,CGY,10.22
RW,Rickard Rakell (26069764),Rickard Rakell,26069764,W/UTIL,5400,PIT@NYI 12/27/2022 07:30PM ET,PIT,11.25
D,Darnell Nurse (26070282),Darnell Nurse,26070282,D/UTIL,5400,EDM@CGY 12/27/2022 09:00PM ET,EDM,10.83
C,Chandler Stephenson (26069476),Chandler Stephenson,26069476,C/UTIL,5400,VGK@LA 12/27/2022 10:30PM ET,VGK,9.82
C,David Krejci (26069478),David Krejci,26069478,C/UTIL,5300,BOS@OTT 12/27/2022 07:00PM ET,BOS,9.72
RW,Claude Giroux (26069768),Claude Giroux,26069768,W/UTIL,5300,BOS@OTT 12/27/2022 07:00PM ET,OTT,10.72
D,Kris Letang (26070286),Kris Letang,26070286,D/UTIL,5300,PIT@NYI 12/27/2022 07:30PM ET,PIT,9.67
D,Tyson Barrie (26070284),Tyson Barrie,26070284,D/UTIL,5300,EDM@CGY 12/27/2022 09:00PM ET,EDM,9.05
LW,Reilly Smith (26069766),Reilly Smith,26069766,W/UTIL,5300,VGK@LA 12/27/2022 10:30PM ET,VGK,10.41
C,Evgeny Kuznetsov (26069480),Evgeny Kuznetsov,26069480,C/UTIL,5200,WAS@NYR 12/27/2022 07:00PM ET,WAS,9.52
LW,Pavel Buchnevich (26069770),Pavel Buchnevich,26069770,W/UTIL,5200,TOR@STL 12/27/2022 08:00PM ET,STL,10.62
D,Torey Krug (26070288),Torey Krug,26070288,D/UTIL,5200,TOR@STL 12/27/2022 08:00PM ET,STL,8.84
D,Quinn Hughes (26070290),Quinn Hughes,26070290,D/UTIL,5200,SJ@VAN 12/27/2022 10:00PM ET,VAN,9.24
RW,Mark Stone (26069772),Mark Stone,26069772,W/UTIL,5200,VGK@LA 12/27/2022 10:30PM ET,VGK,11.23
D,Jeff Petry (26070294),Jeff Petry,26070294,D/UTIL,5100,PIT@NYI 12/27/2022 07:30PM ET,PIT,8.45
D,Noah Hanifin (26070292),Noah Hanifin,26070292,D/UTIL,5100,EDM@CGY 12/27/2022 09:00PM ET,CGY,9.88
C,J.T. Compher (26069482),J.T. Compher,26069482,C/UTIL,5100,COL@ARI 12/27/2022 09:00PM ET,COL,7.42
LW,Clayton Keller (26069774),Clayton Keller,26069774,W/UTIL,5100,COL@ARI 12/27/2022 09:00PM ET,ARI,10.53
LW,Anders Lee (26069776),Anders Lee,26069776,W/UTIL,5000,PIT@NYI 12/27/2022 07:30PM ET,NYI,10.92
C,Robert Thomas (26069484),Robert Thomas,26069484,C/UTIL,5000,TOR@STL 12/27/2022 08:00PM ET,STL,8.51
LW,Jamie Benn (26069778),Jamie Benn,26069778,W/UTIL,5000,DAL@NSH 12/27/2022 08:00PM ET,DAL,10.42
D,Shayne Gostisbehere (26070296),Shayne Gostisbehere,26070296,D/UTIL,5000,COL@ARI 12/27/2022 09:00PM ET,ARI,10.20
D,Hampus Lindholm (26070298),Hampus Lindholm,26070298,D/UTIL,4900,BOS@OTT 12/27/2022 07:00PM ET,BOS,9.72
C,Max Domi (26069486),Max Domi,26069486,C/UTIL,4900,CHI@CAR 12/27/2022 07:00PM ET,CHI,9.01
RW,Bryan Rust (26069782),Bryan Rust,26069782,W/UTIL,4900,PIT@NYI 12/27/2022 07:30PM ET,PIT,9.64
RW,Adrian Kempe (26069780),Adrian Kempe,26069780,W/UTIL,4900,VGK@LA 12/27/2022 10:30PM ET,LA,9.32
RW,Matt Duchene (26069786),Matt Duchene,26069786,W/UTIL,4800,DAL@NSH 12/27/2022 08:00PM ET,NSH,9.71
C,Mikael Backlund (26069488),Mikael Backlund,26069488,C/UTIL,4800,EDM@CGY 12/27/2022 09:00PM ET,CGY,8.97
LW,Jonathan Huberdeau (26069784),Jonathan Huberdeau,26069784,W/UTIL,4800,EDM@CGY 12/27/2022 09:00PM ET,CGY,7.78
D,Drew Doughty (26070300),Drew Doughty,26070300,D/UTIL,4800,VGK@LA 12/27/2022 10:30PM ET,LA,8.51
C,Mathew Barzal (26069492),Mathew Barzal,26069492,C/UTIL,4700,PIT@NYI 12/27/2022 07:30PM ET,NYI,9.91
C,Evan Rodrigues (26069490),Evan Rodrigues,26069490,C/UTIL,4700,COL@ARI 12/27/2022 09:00PM ET,COL,9.35
D,Devon Toews (26070302),Devon Toews,26070302,D/UTIL,4700,COL@ARI 12/27/2022 09:00PM ET,COL,8.99
LW,Andrei Kuzmenko (26069788),Andrei Kuzmenko,26069788,W/UTIL,4700,SJ@VAN 12/27/2022 10:00PM ET,VAN,9.84
C,Dylan Strome (26069494),Dylan Strome,26069494,C/UTIL,4600,WAS@NYR 12/27/2022 07:00PM ET,WAS,7.62
C,Filip Chytil (26069496),Filip Chytil,26069496,C/UTIL,4600,WAS@NYR 12/27/2022 07:00PM ET,NYR,8.16
D,Dmitry Orlov (26070306),Dmitry Orlov,26070306,D/UTIL,4600,WAS@NYR 12/27/2022 07:00PM ET,WAS,9.13
D,Nick Blankenburg (26070304),Nick Blankenburg,26070304,D/UTIL,4600,BUF@CLS 12/27/2022 07:30PM ET,CLS,9.2
LW,Michael Bunting (26069792),Michael Bunting,26069792,W/UTIL,4600,TOR@STL 12/27/2022 08:00PM ET,TOR,7.88
LW,Viktor Arvidsson (26069790),Viktor Arvidsson,26069790,W/UTIL,4600,VGK@LA 12/27/2022 10:30PM ET,LA,9.35
D,Sean Durzi (26070308),Sean Durzi,26070308,D/UTIL,4600,VGK@LA 12/27/2022 10:30PM ET,LA,8.81
C,Jonathan Toews (26069498),Jonathan Toews,26069498,C/UTIL,4500,CHI@CAR 12/27/2022 07:00PM ET,CHI,8.61
C,Ryan O'Reilly (26069500),Ryan O'Reilly,26069500,C/UTIL,4500,TOR@STL 12/27/2022 08:00PM ET,STL,7.19
D,Jared Spurgeon (26070310),Jared Spurgeon,26070310,D/UTIL,4500,MIN@WPG 12/27/2022 08:00PM ET,MIN,8.91
RW,Nick Schmaltz (26069794),Nick Schmaltz,26069794,W/UTIL,4500,COL@ARI 12/27/2022 09:00PM ET,ARI,9.51
RW,Trevor Moore (26069796),Trevor Moore,26069796,W/UTIL,4500,VGK@LA 12/27/2022 10:30PM ET,LA,8.94
D,Morgan Rielly (26070314),Morgan Rielly,26070314,D/UTIL,4400,TOR@STL 12/27/2022 08:00PM ET,TOR,8.56
RW,Mason Marchment (26069798),Mason Marchment,26069798,W/UTIL,4400,DAL@NSH 12/27/2022 08:00PM ET,DAL,8.49
C,Phillip Danault (26069502),Phillip Danault,26069502,C/UTIL,4400,VGK@LA 12/27/2022 10:30PM ET,LA,8.84
D,Alec Martinez (26070312),Alec Martinez,26070312,D/UTIL,4400,VGK@LA 12/27/2022 10:30PM ET,VGK,9.05
C,Shane Pinto (26069506),Shane Pinto,26069506,C/UTIL,4300,BOS@OTT 12/27/2022 07:00PM ET,OTT,7.22
D,Colton Parayko (26070316),Colton Parayko,26070316,D/UTIL,4300,TOR@STL 12/27/2022 08:00PM ET,STL,7.84
D,Rasmus Sandin (26070318),Rasmus Sandin,26070318,D/UTIL,4300,TOR@STL 12/27/2022 08:00PM ET,TOR,5.60
RW,Brock Boeser (26069800),Brock Boeser,26069800,W/UTIL,4300,SJ@VAN 12/27/2022 10:00PM ET,VAN,8.86
RW,Alexander Barabanov (26069802),Alexander Barabanov,26069802,W/UTIL,4300,SJ@VAN 12/27/2022 10:00PM ET,SJ,7.92
C,William Karlsson (26069504),William Karlsson,26069504,C/UTIL,4300,VGK@LA 12/27/2022 10:30PM ET,VGK,8.27
D,Brady Skjei (26070320),Brady Skjei,26070320,D/UTIL,4200,CHI@CAR 12/27/2022 07:00PM ET,CAR,7.44
C,Brayden Schenn (26069508),Brayden Schenn,26069508,C/UTIL,4200,TOR@STL 12/27/2022 08:00PM ET,STL,7.29
D,Mark Giordano (26070324),Mark Giordano,26070324,D/UTIL,4200,TOR@STL 12/27/2022 08:00PM ET,TOR,6.85
RW,Tyler Seguin (26069806),Tyler Seguin,26069806,W/UTIL,4200,DAL@NSH 12/27/2022 08:00PM ET,DAL,8.05
C,Frederick Gaudreau (26069510),Frederick Gaudreau,26069510,C/UTIL,4200,MIN@WPG 12/27/2022 08:00PM ET,MIN,7.06
LW,Cole Perfetti (26069804),Cole Perfetti,26069804,W/UTIL,4200,MIN@WPG 12/27/2022 08:00PM ET,WPG,7.26
D,Neal Pionk (26070322),Neal Pionk,26070322,D/UTIL,4200,MIN@WPG 12/27/2022 08:00PM ET,WPG,8.26
D,Jake Sanderson (26070330),Jake Sanderson,26070330,D/UTIL,4100,BOS@OTT 12/27/2022 07:00PM ET,OTT,7.33
D,Jaccob Slavin (26070328),Jaccob Slavin,26070328,D/UTIL,4100,CHI@CAR 12/27/2022 07:00PM ET,CAR,7.41
C,Jack Roslovic (26069512),Jack Roslovic,26069512,C/UTIL,4100,BUF@CLS 12/27/2022 07:30PM ET,CLS,7.43
C,Thomas Novak (26069514),Thomas Novak,26069514,C/UTIL,4100,DAL@NSH 12/27/2022 08:00PM ET,NSH,9.6
LW,Ryan Hartman (26069810),Ryan Hartman,26069810,W/UTIL,4100,MIN@WPG 12/27/2022 08:00PM ET,MIN,7.4
D,Michael Stone (26070326),Michael Stone,26070326,D/UTIL,4100,EDM@CGY 12/27/2022 09:00PM ET,CGY,7
LW,Ilya Mikheyev (26069808),Ilya Mikheyev,26069808,W/UTIL,4100,SJ@VAN 12/27/2022 10:00PM ET,VAN,7.67
RW,T.J. Oshie (26069814),T.J. Oshie,26069814,W/UTIL,4000,WAS@NYR 12/27/2022 07:00PM ET,WAS,7.68
D,Erik Gustafsson (26070334),Erik Gustafsson,26070334,D/UTIL,4000,WAS@NYR 12/27/2022 07:00PM ET,WAS,7.64
LW,Tyler Johnson (26069812),Tyler Johnson,26069812,W/UTIL,4000,CHI@CAR 12/27/2022 07:00PM ET,CHI,8.57
D,Jake McCabe (26070332),Jake McCabe,26070332,D/UTIL,4000,CHI@CAR 12/27/2022 07:00PM ET,CHI,7.43
LW,Zach Parise (26069816),Zach Parise,26069816,W/UTIL,4000,PIT@NYI 12/27/2022 07:30PM ET,NYI,9.15
C,Ryan Johansen (26069516),Ryan Johansen,26069516,C/UTIL,4000,DAL@NSH 12/27/2022 08:00PM ET,NSH,6.97
C,Sam Steel (26069518),Sam Steel,26069518,C/UTIL,4000,MIN@WPG 12/27/2022 08:00PM ET,MIN,4.89
D,J.J. Moser (26070336),J.J. Moser,26070336,D/UTIL,4000,COL@ARI 12/27/2022 09:00PM ET,ARI,7.81
C,Derick Brassard (26069520),Derick Brassard,26069520,C/UTIL,3900,BOS@OTT 12/27/2022 07:00PM ET,OTT,5.21
RW,Conor Sheary (26069818),Conor Sheary,26069818,W/UTIL,3900,WAS@NYR 12/27/2022 07:00PM ET,WAS,7.82
D,Adam Pelech (26070338),Adam Pelech,26070338,D/UTIL,3900,PIT@NYI 12/27/2022 07:30PM ET,NYI,6.86
LW,Dillon Dube (26069820),Dillon Dube,26069820,W/UTIL,3900,EDM@CGY 12/27/2022 09:00PM ET,CGY,6.81
D,Evan Bouchard (26070340),Evan Bouchard,26070340,D/UTIL,3900,EDM@CGY 12/27/2022 09:00PM ET,EDM,7.56
RW,Gabriel Vilardi (26069822),Gabriel Vilardi,26069822,W/UTIL,3900,VGK@LA 12/27/2022 10:30PM ET,LA,8.39
C,Kent Johnson (26069522),Kent Johnson,26069522,C/UTIL,3800,BUF@CLS 12/27/2022 07:30PM ET,CLS,6.21
C,Jeff Carter (26069524),Jeff Carter,26069524,C/UTIL,3800,PIT@NYI 12/27/2022 07:30PM ET,PIT,7.36
LW,Jason Zucker (26069826),Jason Zucker,26069826,W/UTIL,3800,PIT@NYI 12/27/2022 07:30PM ET,PIT,8.63
D,Ryan Pulock (26070342),Ryan Pulock,26070342,D/UTIL,3800,PIT@NYI 12/27/2022 07:30PM ET,NYI,7.13
LW,Brandon Saad (26069824),Brandon Saad,26069824,W/UTIL,3800,TOR@STL 12/27/2022 08:00PM ET,STL,6.24
RW,Mikael Granlund (26069828),Mikael Granlund,26069828,W/UTIL,3800,DAL@NSH 12/27/2022 08:00PM ET,NSH,6.46
C,Charlie Coyle (26069526),Charlie Coyle,26069526,C/UTIL,3700,BOS@OTT 12/27/2022 07:00PM ET,BOS,7.34
RW,Barclay Goodrow (26069834),Barclay Goodrow,26069834,W/UTIL,3700,WAS@NYR 12/27/2022 07:00PM ET,NYR,6.43
LW,Teuvo Teravainen (26069830),Teuvo Teravainen,26069830,W/UTIL,3700,CHI@CAR 12/27/2022 07:00PM ET,CAR,7.08
D,Vladislav Gavrikov (26070344),Vladislav Gavrikov,26070344,D/UTIL,3700,BUF@CLS 12/27/2022 07:30PM ET,CLS,6.92
D,Marcus Bjork (26070346),Marcus Bjork,26070346,D/UTIL,3700,BUF@CLS 12/27/2022 07:30PM ET,CLS,7.29
RW,Oliver Wahlstrom (26069832),Oliver Wahlstrom,26069832,W/UTIL,3700,PIT@NYI 12/27/2022 07:30PM ET,NYI,7
D,Brayden McNabb (26070348),Brayden McNabb,26070348,D/UTIL,3700,VGK@LA 12/27/2022 10:30PM ET,VGK,7.56
LW,Josh Bailey (26069842),Josh Bailey,26069842,W/UTIL,3600,PIT@NYI 12/27/2022 07:30PM ET,NYI,5.23
D,Marcus Pettersson (26070354),Marcus Pettersson,26070354,D/UTIL,3600,PIT@NYI 12/27/2022 07:30PM ET,PIT,7.18
RW,Josh Leivo (26069836),Josh Leivo,26069836,W/UTIL,3600,TOR@STL 12/27/2022 08:00PM ET,STL,5.98
D,Jordie Benn (26070352),Jordie Benn,26070352,D/UTIL,3600,TOR@STL 12/27/2022 08:00PM ET,TOR,9.26
C,Adam Ruzicka (26069530),Adam Ruzicka,26069530,C/UTIL,3600,EDM@CGY 12/27/2022 09:00PM ET,CGY,7.64
C,Travis Boyd (26069528),Travis Boyd,26069528,C/UTIL,3600,COL@ARI 12/27/2022 09:00PM ET,ARI,5
RW,Lawson Crouse (26069838),Lawson Crouse,26069838,W/UTIL,3600,COL@ARI 12/27/2022 09:00PM ET,ARI,8.18
LW,Paul Cotter (26069840),Paul Cotter,26069840,W/UTIL,3600,VGK@LA 12/27/2022 10:30PM ET,VGK,4.71
RW,Arthur Kaliyev (26069844),Arthur Kaliyev,26069844,W/UTIL,3600,VGK@LA 12/27/2022 10:30PM ET,LA,7.78
D,Matt Roy (26070350),Matt Roy,26070350,D/UTIL,3600,VGK@LA 12/27/2022 10:30PM ET,LA,8.02
D,Ryan Lindgren (26070360),Ryan Lindgren,26070360,D/UTIL,3500,WAS@NYR 12/27/2022 07:00PM ET,NYR,6.54
C,Paul Stastny (26069532),Paul Stastny,26069532,C/UTIL,3500,CHI@CAR 12/27/2022 07:00PM ET,CAR,3.23
C,Jean-Gabriel Pageau (26069534),Jean-Gabriel Pageau,26069534,C/UTIL,3500,PIT@NYI 12/27/2022 07:30PM ET,NYI,7.47
LW,Nino Niederreiter (26069852),Nino Niederreiter,26069852,W/UTIL,3500,DAL@NSH 12/27/2022 08:00PM ET,NSH,7.44
RW,Karson Kuhlman (26069850),Karson Kuhlman,26069850,W/UTIL,3500,MIN@WPG 12/27/2022 08:00PM ET,WPG,3.62
D,Jonas Brodin (26070362),Jonas Brodin,26070362,D/UTIL,3500,MIN@WPG 12/27/2022 08:00PM ET,MIN,6.64
D,Matt Dumba (26070364),Matt Dumba,26070364,D/UTIL,3500,MIN@WPG 12/27/2022 08:00PM ET,MIN,6.12
D,MacKenzie Weegar (26070358),MacKenzie Weegar,26070358,D/UTIL,3500,EDM@CGY 12/27/2022 09:00PM ET,CGY,6.2
RW,Conor Garland (26069846),Conor Garland,26069846,W/UTIL,3500,SJ@VAN 12/27/2022 10:00PM ET,VAN,6.42
RW,Kevin Labanc (26069854),Kevin Labanc,26069854,W/UTIL,3500,SJ@VAN 12/27/2022 10:00PM ET,SJ,7.06
D,Luke Schenn (26070356),Luke Schenn,26070356,D/UTIL,3500,SJ@VAN 12/27/2022 10:00PM ET,VAN,6.64
LW,Michael Amadio (26069848),Michael Amadio,26069848,W/UTIL,3500,VGK@LA 12/27/2022 10:30PM ET,VGK,5.06
C,Josh Norris (26069536),Josh Norris,26069536,C/UTIL,3400,BOS@OTT 12/27/2022 07:00PM ET,OTT,5.88
D,Matt Grzelcyk (26070368),Matt Grzelcyk,26070368,D/UTIL,3400,BOS@OTT 12/27/2022 07:00PM ET,BOS,6.02
RW,Tom Wilson (26069856),Tom Wilson,26069856,W/UTIL,3400,WAS@NYR 12/27/2022 07:00PM ET,WAS,0
D,Brett Pesce (26070372),Brett Pesce,26070372,D/UTIL,3400,CHI@CAR 12/27/2022 07:00PM ET,CAR,6.74
RW,Victor Olofsson (26069860),Victor Olofsson,26069860,W/UTIL,3400,BUF@CLS 12/27/2022 07:30PM ET,BUF,7.99
D,Owen Power (26070374),Owen Power,26070374,D/UTIL,3400,BUF@CLS 12/27/2022 07:30PM ET,BUF,6.04
D,Nils Lundkvist (26070376),Nils Lundkvist,26070376,D/UTIL,3400,DAL@NSH 12/27/2022 08:00PM ET,DAL,5.98
D,Erik Johnson (26070366),Erik Johnson,26070366,D/UTIL,3400,COL@ARI 12/27/2022 09:00PM ET,COL,6.71
C,Nick Bonino (26069538),Nick Bonino,26069538,C/UTIL,3400,SJ@VAN 12/27/2022 10:00PM ET,SJ,6.76
RW,Phil Kessel (26069858),Phil Kessel,26069858,W/UTIL,3400,VGK@LA 12/27/2022 10:30PM ET,VGK,5.42
D,Daniil Miromanov (26070370),Daniil Miromanov,26070370,D/UTIL,3400,VGK@LA 12/27/2022 10:30PM ET,VGK,6.8
D,Travis Hamonic (26070384),Travis Hamonic,26070384,D/UTIL,3300,BOS@OTT 12/27/2022 07:00PM ET,OTT,6.37
C,Casey Mittelstadt (26069540),Casey Mittelstadt,26069540,C/UTIL,3300,BUF@CLS 12/27/2022 07:30PM ET,BUF,5.72
RW,Gustav Nyquist (26069862),Gustav Nyquist,26069862,W/UTIL,3300,BUF@CLS 12/27/2022 07:30PM ET,CLS,6.76
RW,Justin Danforth (26069864),Justin Danforth,26069864,W/UTIL,3300,BUF@CLS 12/27/2022 07:30PM ET,CLS,6.88
D,Robin Salo (26070378),Robin Salo,26070378,D/UTIL,3300,PIT@NYI 12/27/2022 07:30PM ET,NYI,5.49
D,Mattias Ekholm (26070382),Mattias Ekholm,26070382,D/UTIL,3300,DAL@NSH 12/27/2022 08:00PM ET,NSH,6.54
LW,Andrew Mangiapane (26069866),Andrew Mangiapane,26069866,W/UTIL,3300,EDM@CGY 12/27/2022 09:00PM ET,CGY,6.29
D,Matt Benning (26070386),Matt Benning,26070386,D/UTIL,3300,SJ@VAN 12/27/2022 10:00PM ET,SJ,6.25
LW,William Carrier (26069868),William Carrier,26069868,W/UTIL,3300,VGK@LA 12/27/2022 10:30PM ET,VGK,6.89
D,Mikey Anderson (26070380),Mikey Anderson,26070380,D/UTIL,3300,VGK@LA 12/27/2022 10:30PM ET,LA,5.66
RW,Anthony Mantha (26069870),Anthony Mantha,26069870,W/UTIL,3200,WAS@NYR 12/27/2022 07:00PM ET,WAS,6.92
RW,Seth Jarvis (26069872),Seth Jarvis,26069872,W/UTIL,3200,CHI@CAR 12/27/2022 07:00PM ET,CAR,6.77
RW,Jack Quinn (26069876),Jack Quinn,26069876,W/UTIL,3200,BUF@CLS 12/27/2022 07:30PM ET,BUF,6.52
D,Mattias Samuelsson (26070396),Mattias Samuelsson,26070396,D/UTIL,3200,BUF@CLS 12/27/2022 07:30PM ET,BUF,6.86
D,Scott Mayfield (26070392),Scott Mayfield,26070392,D/UTIL,3200,PIT@NYI 12/27/2022 07:30PM ET,NYI,7.28
D,Nick Leddy (26070388),Nick Leddy,26070388,D/UTIL,3200,TOR@STL 12/27/2022 08:00PM ET,STL,5.01
D,Ryan McDonagh (26070394),Ryan McDonagh,26070394,D/UTIL,3200,DAL@NSH 12/27/2022 08:00PM ET,NSH,5.97
RW,Mason Appleton (26069874),Mason Appleton,26069874,W/UTIL,3200,MIN@WPG 12/27/2022 08:00PM ET,WPG,5.35
D,Jake Middleton (26070398),Jake Middleton,26070398,D/UTIL,3200,MIN@WPG 12/27/2022 08:00PM ET,MIN,5.64
C,Nick Bjugstad (26069542),Nick Bjugstad,26069542,C/UTIL,3200,COL@ARI 12/27/2022 09:00PM ET,ARI,6.4
D,Ethan Bear (26070390),Ethan Bear,26070390,D/UTIL,3200,SJ@VAN 12/27/2022 10:00PM ET,VAN,6.05
LW,Tyler Motte (26069886),Tyler Motte,26069886,W/UTIL,3100,BOS@OTT 12/27/2022 07:00PM ET,OTT,6.61
RW,Jimmy Vesey (26069884),Jimmy Vesey,26069884,W/UTIL,3100,WAS@NYR 12/27/2022 07:00PM ET,NYR,5.87
RW,Sam Lafferty (26069878),Sam Lafferty,26069878,W/UTIL,3100,CHI@CAR 12/27/2022 07:00PM ET,CHI,4.48
LW,Andreas Athanasiou (26069880),Andreas Athanasiou,26069880,W/UTIL,3100,CHI@CAR 12/27/2022 07:00PM ET,CHI,6.64
LW,Stefan Noesen (26069882),Stefan Noesen,26069882,W/UTIL,3100,CHI@CAR 12/27/2022 07:00PM ET,CAR,7.16
D,Erik Gudbranson (26070402),Erik Gudbranson,26070402,D/UTIL,3100,BUF@CLS 12/27/2022 07:30PM ET,CLS,7.14
D,Henri Jokiharju (26070408),Henri Jokiharju,26070408,D/UTIL,3100,BUF@CLS 12/27/2022 07:30PM ET,BUF,5.26
D,Esa Lindell (26070414),Esa Lindell,26070414,D/UTIL,3100,DAL@NSH 12/27/2022 08:00PM ET,DAL,6.81
C,Adam Lowry (26069544),Adam Lowry,26069544,C/UTIL,3100,MIN@WPG 12/27/2022 08:00PM ET,WPG,7.12
D,Dylan DeMelo (26070404),Dylan DeMelo,26070404,D/UTIL,3100,MIN@WPG 12/27/2022 08:00PM ET,WPG,5.53
D,Calen Addison (26070416),Calen Addison,26070416,D/UTIL,3100,MIN@WPG 12/27/2022 08:00PM ET,MIN,5.46
D,Cody Ceci (26070406),Cody Ceci,26070406,D/UTIL,3100,EDM@CGY 12/27/2022 09:00PM ET,EDM,5.22
D,Bowen Byram (26070400),Bowen Byram,26070400,D/UTIL,3100,COL@ARI 12/27/2022 09:00PM ET,COL,7.08
D,Jaycob Megna (26070410),Jaycob Megna,26070410,D/UTIL,3100,SJ@VAN 12/27/2022 10:00PM ET,SJ,5.34
D,Scott Harrington (26070412),Scott Harrington,26070412,D/UTIL,3100,SJ@VAN 12/27/2022 10:00PM ET,SJ,7.6
LW,Pavel Zacha (26069892),Pavel Zacha,26069892,W/UTIL,3000,BOS@OTT 12/27/2022 07:00PM ET,BOS,6.18
LW,Alexis Lafreniere (26069894),Alexis Lafreniere,26069894,W/UTIL,3000,WAS@NYR 12/27/2022 07:00PM ET,NYR,6.08
D,Nick Jensen (26070424),Nick Jensen,26070424,D/UTIL,3000,WAS@NYR 12/27/2022 07:00PM ET,WAS,7.49
D,K'Andre Miller (26070430),K'Andre Miller,26070430,D/UTIL,3000,WAS@NYR 12/27/2022 07:00PM ET,NYR,6.61
RW,Taylor Raddysh (26069888),Taylor Raddysh,26069888,W/UTIL,3000,CHI@CAR 12/27/2022 07:00PM ET,CHI,6.05
D,Caleb Jones (26070418),Caleb Jones,26070418,D/UTIL,3000,CHI@CAR 12/27/2022 07:00PM ET,CHI,6.31
RW,Yegor Chinakhov (26069890),Yegor Chinakhov,26069890,W/UTIL,3000,BUF@CLS 12/27/2022 07:30PM ET,CLS,5.77
LW,JJ Peterka (26069896),JJ Peterka,26069896,W/UTIL,3000,BUF@CLS 12/27/2022 07:30PM ET,BUF,5.53
D,Jake Bean (26070420),Jake Bean,26070420,D/UTIL,3000,BUF@CLS 12/27/2022 07:30PM ET,CLS,6.49
D,Justin Holl (26070428),Justin Holl,26070428,D/UTIL,3000,TOR@STL 12/27/2022 08:00PM ET,TOR,5.15
C,Wyatt Johnston (26069546),Wyatt Johnston,26069546,C/UTIL,3000,DAL@NSH 12/27/2022 08:00PM ET,DAL,6.49
C,Connor Dewar (26069548),Connor Dewar,26069548,C/UTIL,3000,MIN@WPG 12/27/2022 08:00PM ET,MIN,5.02
LW,Brandon Duhaime (26069898),Brandon Duhaime,26069898,W/UTIL,3000,MIN@WPG 12/27/2022 08:00PM ET,MIN,5.04
D,Nate Schmidt (26070426),Nate Schmidt,26070426,D/UTIL,3000,MIN@WPG 12/27/2022 08:00PM ET,WPG,5.83
D,Oliver Ekman-Larsson (26070422),Oliver Ekman-Larsson,26070422,D/UTIL,3000,SJ@VAN 12/27/2022 10:00PM ET,VAN,6.33
D,Nikita Zaitsev (26070444),Nikita Zaitsev,26070444,D/UTIL,2900,BOS@OTT 12/27/2022 07:00PM ET,OTT,4.48
RW,Kaapo Kakko (26069910),Kaapo Kakko,26069910,W/UTIL,2900,WAS@NYR 12/27/2022 07:00PM ET,NYR,6.33
C,Jordan Staal (26069550),Jordan Staal,26069550,C/UTIL,2900,CHI@CAR 12/27/2022 07:00PM ET,CAR,6.58
LW,Philipp Kurashev (26069902),Philipp Kurashev,26069902,W/UTIL,2900,CHI@CAR 12/27/2022 07:00PM ET,CHI,5.78
D,Connor Murphy (26070434),Connor Murphy,26070434,D/UTIL,2900,CHI@CAR 12/27/2022 07:00PM ET,CHI,6.48
RW,Jakub Voracek (26069904),Jakub Voracek,26069904,W/UTIL,2900,BUF@CLS 12/27/2022 07:30PM ET,CLS,6.19
D,Kale Clague (26070442),Kale Clague,26070442,D/UTIL,2900,BUF@CLS 12/27/2022 07:30PM ET,BUF,3.51
RW,Kasperi Kapanen (26069908),Kasperi Kapanen,26069908,W/UTIL,2900,PIT@NYI 12/27/2022 07:30PM ET,PIT,6.26
D,Jake Muzzin (26070440),Jake Muzzin,26070440,D/UTIL,2900,TOR@STL 12/27/2022 08:00PM ET,TOR,8.25
D,Ryan Suter (26070446),Ryan Suter,26070446,D/UTIL,2900,DAL@NSH 12/27/2022 08:00PM ET,DAL,5.81
LW,Alex Newhook (26069900),Alex Newhook,26069900,W/UTIL,2900,COL@ARI 12/27/2022 09:00PM ET,COL,5.26
D,Samuel Girard (26070432),Samuel Girard,26070432,D/UTIL,2900,COL@ARI 12/27/2022 09:00PM ET,COL,6.12
C,Nico Sturm (26069552),Nico Sturm,26069552,C/UTIL,2900,SJ@VAN 12/27/2022 10:00PM ET,SJ,6.81
LW,Alex Iafallo (26069906),Alex Iafallo,26069906,W/UTIL,2900,VGK@LA 12/27/2022 10:30PM ET,LA,7.71
D,Nicolas Hague (26070436),Nicolas Hague,26070436,D/UTIL,2900,VGK@LA 12/27/2022 10:30PM ET,VGK,5.91
D,Zach Whitecloud (26070438),Zach Whitecloud,26070438,D/UTIL,2900,VGK@LA 12/27/2022 10:30PM ET,VGK,5.64
D,Erik Brannstrom (26070462),Erik Brannstrom,26070462,D/UTIL,2800,BOS@OTT 12/27/2022 07:00PM ET,OTT,5.04
C,Jason Dickinson (26069554),Jason Dickinson,26069554,C/UTIL,2800,CHI@CAR 12/27/2022 07:00PM ET,CHI,6.04
C,Sean Kuraly (26069556),Sean Kuraly,26069556,C/UTIL,2800,BUF@CLS 12/27/2022 07:30PM ET,CLS,6.32
LW,Kirill Marchenko (26069912),Kirill Marchenko,26069912,W/UTIL,2800,BUF@CLS 12/27/2022 07:30PM ET,CLS,6.15
D,Adam Boqvist (26070450),Adam Boqvist,26070450,D/UTIL,2800,BUF@CLS 12/27/2022 07:30PM ET,CLS,2.8
RW,Anthony Beauvillier (26069920),Anthony Beauvillier,26069920,W/UTIL,2800,PIT@NYI 12/27/2022 07:30PM ET,NYI,7.52
D,Alexander Romanov (26070456),Alexander Romanov,26070456,D/UTIL,2800,PIT@NYI 12/27/2022 07:30PM ET,NYI,6.92
D,Brian Dumoulin (26070460),Brian Dumoulin,26070460,D/UTIL,2800,PIT@NYI 12/27/2022 07:30PM ET,PIT,5.58
RW,Noel Acciari (26069914),Noel Acciari,26069914,W/UTIL,2800,TOR@STL 12/27/2022 08:00PM ET,STL,6.66
RW,Alex Goligoski (26069922),Alex Goligoski,26069922,W/UTIL,2800,MIN@WPG 12/27/2022 08:00PM ET,MIN,6.33
D,Chris Tanev (26070454),Chris Tanev,26070454,D/UTIL,2800,EDM@CGY 12/27/2022 09:00PM ET,CGY,6.99
D,Brett Kulak (26070458),Brett Kulak,26070458,D/UTIL,2800,EDM@CGY 12/27/2022 09:00PM ET,EDM,5.88
LW,Matias Maccelli (26069918),Matias Maccelli,26069918,W/UTIL,2800,COL@ARI 12/27/2022 09:00PM ET,ARI,5.47
D,Josh Manson (26070448),Josh Manson,26070448,D/UTIL,2800,COL@ARI 12/27/2022 09:00PM ET,COL,5.9
RW,Curtis Lazar (26069916),Curtis Lazar,26069916,W/UTIL,2800,SJ@VAN 12/27/2022 10:00PM ET,VAN,4.41
D,Tucker Poolman (26070452),Tucker Poolman,26070452,D/UTIL,2800,SJ@VAN 12/27/2022 10:00PM ET,VAN,4.03
D,Mario Ferraro (26070464),Mario Ferraro,26070464,D/UTIL,2800,SJ@VAN 12/27/2022 10:00PM ET,SJ,5.33
C,Nicolas Roy (26069558),Nicolas Roy,26069558,C/UTIL,2800,VGK@LA 12/27/2022 10:30PM ET,VGK,5.17
D,Brandon Carlo (26070468),Brandon Carlo,26070468,D/UTIL,2700,BOS@OTT 12/27/2022 07:00PM ET,BOS,5.93
D,Artem Zub (26070472),Artem Zub,26070472,D/UTIL,2700,BOS@OTT 12/27/2022 07:00PM ET,OTT,5.45
LW,Marcus Johansson (26069926),Marcus Johansson,26069926,W/UTIL,2700,WAS@NYR 12/27/2022 07:00PM ET,WAS,5.88
LW,Sonny Milano (26069928),Sonny Milano,26069928,W/UTIL,2700,WAS@NYR 12/27/2022 07:00PM ET,WAS,6.87
C,Jesperi Kotkaniemi (26069560),Jesperi Kotkaniemi,26069560,C/UTIL,2700,CHI@CAR 12/27/2022 07:00PM ET,CAR,4.54
LW,Jordan Martinook (26069930),Jordan Martinook,26069930,W/UTIL,2700,CHI@CAR 12/27/2022 07:00PM ET,CAR,7.38
D,Jack Johnson (26070466),Jack Johnson,26070466,D/UTIL,2700,CHI@CAR 12/27/2022 07:00PM ET,CHI,5.83
RW,Kyle Okposo (26069934),Kyle Okposo,26069934,W/UTIL,2700,BUF@CLS 12/27/2022 07:30PM ET,BUF,6.74
LW,Ivan Barbashev (26069924),Ivan Barbashev,26069924,W/UTIL,2700,TOR@STL 12/27/2022 08:00PM ET,STL,6.01
C,Cody Glass (26069562),Cody Glass,26069562,C/UTIL,2700,DAL@NSH 12/27/2022 08:00PM ET,NSH,4.54
C,Juuso Parssinen (26069564),Juuso Parssinen,26069564,C/UTIL,2700,DAL@NSH 12/27/2022 08:00PM ET,NSH,4.98
D,Jani Hakanpaa (26070476),Jani Hakanpaa,26070476,D/UTIL,2700,DAL@NSH 12/27/2022 08:00PM ET,DAL,5.6
RW,Sam Gagner (26069932),Sam Gagner,26069932,W/UTIL,2700,MIN@WPG 12/27/2022 08:00PM ET,WPG,5.82
RW,Marcus Foligno (26069936),Marcus Foligno,26069936,W/UTIL,2700,MIN@WPG 12/27/2022 08:00PM ET,MIN,5.09
D,Josh Brown (26070470),Josh Brown,26070470,D/UTIL,2700,COL@ARI 12/27/2022 09:00PM ET,ARI,6.11
D,Marc-Edouard Vlasic (26070474),Marc-Edouard Vlasic,26070474,D/UTIL,2700,SJ@VAN 12/27/2022 10:00PM ET,SJ,5
C,Lars Eller (26069566),Lars Eller,26069566,C/UTIL,2600,WAS@NYR 12/27/2022 07:00PM ET,WAS,5.31
C,Nic Dowd (26069568),Nic Dowd,26069568,C/UTIL,2600,WAS@NYR 12/27/2022 07:00PM ET,WAS,5.85
D,Andrew Peeke (26070478),Andrew Peeke,26070478,D/UTIL,2600,BUF@CLS 12/27/2022 07:30PM ET,CLS,6.05
RW,Kyle Palmieri (26069946),Kyle Palmieri,26069946,W/UTIL,2600,PIT@NYI 12/27/2022 07:30PM ET,NYI,6.3
RW,Danton Heinen (26069954),Danton Heinen,26069954,W/UTIL,2600,PIT@NYI 12/27/2022 07:30PM ET,PIT,4.83
D,Sebastian Aho (26070484),Sebastian Aho,26070484,D/UTIL,2600,PIT@NYI 12/27/2022 07:30PM ET,NYI,4.58
C,David Kampf (26069570),David Kampf,26069570,C/UTIL,2600,TOR@STL 12/27/2022 08:00PM ET,TOR,4.87
LW,Nicholas Robertson (26069948),Nicholas Robertson,26069948,W/UTIL,2600,TOR@STL 12/27/2022 08:00PM ET,TOR,5.64
D,Calle Rosen (26070480),Calle Rosen,26070480,D/UTIL,2600,TOR@STL 12/27/2022 08:00PM ET,STL,6.09
D,T.J. Brodie (26070486),T.J. Brodie,26070486,D/UTIL,2600,TOR@STL 12/27/2022 08:00PM ET,TOR,5.85
D,Timothy Liljegren (26070488),Timothy Liljegren,26070488,D/UTIL,2600,TOR@STL 12/27/2022 08:00PM ET,TOR,5.22
C,Ty Dellandrea (26069572),Ty Dellandrea,26069572,C/UTIL,2600,DAL@NSH 12/27/2022 08:00PM ET,DAL,5.34
LW,Mason Shaw (26069958),Mason Shaw,26069958,W/UTIL,2600,MIN@WPG 12/27/2022 08:00PM ET,MIN,5.55
RW,Blake Coleman (26069944),Blake Coleman,26069944,W/UTIL,2600,EDM@CGY 12/27/2022 09:00PM ET,CGY,6.37
LW,Mattias Janmark (26069950),Mattias Janmark,26069950,W/UTIL,2600,EDM@CGY 12/27/2022 09:00PM ET,EDM,4.08
RW,Kailer Yamamoto (26069952),Kailer Yamamoto,26069952,W/UTIL,2600,EDM@CGY 12/27/2022 09:00PM ET,EDM,4.17
D,Nikita Zadorov (26070482),Nikita Zadorov,26070482,D/UTIL,2600,EDM@CGY 12/27/2022 09:00PM ET,CGY,5.68
RW,Logan O'Connor (26069938),Logan O'Connor,26069938,W/UTIL,2600,COL@ARI 12/27/2022 09:00PM ET,COL,6.14
LW,Andrew Cogliano (26069940),Andrew Cogliano,26069940,W/UTIL,2600,COL@ARI 12/27/2022 09:00PM ET,COL,4.86
LW,Nick Ritchie (26069942),Nick Ritchie,26069942,W/UTIL,2600,COL@ARI 12/27/2022 09:00PM ET,ARI,5.61
LW,Matt Nieto (26069956),Matt Nieto,26069956,W/UTIL,2600,SJ@VAN 12/27/2022 10:00PM ET,SJ,6.11
C,Tomas Nosek (26069600),Tomas Nosek,26069600,C/UTIL,2500,BOS@OTT 12/27/2022 07:00PM ET,BOS,3.44
C,Matt Filipe (26069602),Matt Filipe,26069602,C/UTIL,2500,BOS@OTT 12/27/2022 07:00PM ET,BOS,0
C,Mark Kastelic (26069664),Mark Kastelic,26069664,C/UTIL,2500,BOS@OTT 12/27/2022 07:00PM ET,OTT,3.63
C,Rourke Chartier (26069666),Rourke Chartier,26069666,C/UTIL,2500,BOS@OTT 12/27/2022 07:00PM ET,OTT,2.65
RW,Trent Frederic (26070012),Trent Frederic,26070012,W/UTIL,2500,BOS@OTT 12/27/2022 07:00PM ET,BOS,5.24
LW,Nick Foligno (26070014),Nick Foligno,26070014,W/UTIL,2500,BOS@OTT 12/27/2022 07:00PM ET,BOS,5.85
RW,Craig Smith (26070016),Craig Smith,26070016,W/UTIL,2500,BOS@OTT 12/27/2022 07:00PM ET,BOS,3.34
RW,A.J. Greer (26070018),A.J. Greer,26070018,W/UTIL,2500,BOS@OTT 12/27/2022 07:00PM ET,BOS,4.04
RW,Austin Watson (26070196),Austin Watson,26070196,W/UTIL,2500,BOS@OTT 12/27/2022 07:00PM ET,OTT,3.30
LW,Dylan Gambrell (26070198),Dylan Gambrell,26070198,W/UTIL,2500,BOS@OTT 12/27/2022 07:00PM ET,OTT,2.76
RW,Parker Kelly (26070200),Parker Kelly,26070200,W/UTIL,2500,BOS@OTT 12/27/2022 07:00PM ET,OTT,2.55
RW,Mathieu Joseph (26070202),Mathieu Joseph,26070202,W/UTIL,2500,BOS@OTT 12/27/2022 07:00PM ET,OTT,4.86
RW,Scott Sabourin (26070204),Scott Sabourin,26070204,W/UTIL,2500,BOS@OTT 12/27/2022 07:00PM ET,OTT,0
LW,Jake Lucchini (26070206),Jake Lucchini,26070206,W/UTIL,2500,BOS@OTT 12/27/2022 07:00PM ET,OTT,1.5
D,Connor Clifton (26070524),Connor Clifton,26070524,D/UTIL,2500,BOS@OTT 12/27/2022 07:00PM ET,BOS,6.44
D,Derek Forbort (26070526),Derek Forbort,26070526,D/UTIL,2500,BOS@OTT 12/27/2022 07:00PM ET,BOS,5.54
D,Jakub Zboril (26070528),Jakub Zboril,26070528,D/UTIL,2500,BOS@OTT 12/27/2022 07:00PM ET,BOS,2.68
D,Anton Stralman (26070530),Anton Stralman,26070530,D/UTIL,2500,BOS@OTT 12/27/2022 07:00PM ET,BOS,2.56
D,Mike Reilly (26070532),Mike Reilly,26070532,D/UTIL,2500,BOS@OTT 12/27/2022 07:00PM ET,BOS,3.9
D,Nick Holden (26070666),Nick Holden,26070666,D/UTIL,2500,BOS@OTT 12/27/2022 07:00PM ET,OTT,4.52
D,Jacob Bernard-Docker (26070668),Jacob Bernard-Docker,26070668,D/UTIL,2500,BOS@OTT 12/27/2022 07:00PM ET,OTT,3.63
D,Lassi Thomson (26070670),Lassi Thomson,26070670,D/UTIL,2500,BOS@OTT 12/27/2022 07:00PM ET,OTT,0.75
D,Jacob Larsson (26070672),Jacob Larsson,26070672,D/UTIL,2500,BOS@OTT 12/27/2022 07:00PM ET,OTT,1.87
D,Dillon Heatherington (26070674),Dillon Heatherington,26070674,D/UTIL,2500,BOS@OTT 12/27/2022 07:00PM ET,OTT,1.3
D,Jonathan Aspirot (26070676),Jonathan Aspirot,26070676,D/UTIL,2500,BOS@OTT 12/27/2022 07:00PM ET,OTT,0
C,Nicklas Backstrom (26069606),Nicklas Backstrom,26069606,C/UTIL,2500,WAS@NYR 12/27/2022 07:00PM ET,WAS,0
C,Jonny Brodzinski (26069658),Jonny Brodzinski,26069658,C/UTIL,2500,WAS@NYR 12/27/2022 07:00PM ET,NYR,4.62
C,Ryan Carpenter (26069660),Ryan Carpenter,26069660,C/UTIL,2500,WAS@NYR 12/27/2022 07:00PM ET,NYR,2.78
RW,Nicolas Aube-Kubel (26070038),Nicolas Aube-Kubel,26070038,W/UTIL,2500,WAS@NYR 12/27/2022 07:00PM ET,WAS,3.02
RW,Garnet Hathaway (26070040),Garnet Hathaway,26070040,W/UTIL,2500,WAS@NYR 12/27/2022 07:00PM ET,WAS,4.82
LW,Aliaksei Protas (26070042),Aliaksei Protas,26070042,W/UTIL,2500,WAS@NYR 12/27/2022 07:00PM ET,WAS,3.34
LW,Beck Malenstyn (26070044),Beck Malenstyn,26070044,W/UTIL,2500,WAS@NYR 12/27/2022 07:00PM ET,WAS,4.42
RW,Joe Snively (26070046),Joe Snively,26070046,W/UTIL,2500,WAS@NYR 12/27/2022 07:00PM ET,WAS,4.22
LW,Carl Hagelin (26070048),Carl Hagelin,26070048,W/UTIL,2500,WAS@NYR 12/27/2022 07:00PM ET,WAS,0
RW,Connor Brown (26070050),Connor Brown,26070050,W/UTIL,2500,WAS@NYR 12/27/2022 07:00PM ET,WAS,1.08
RW,Kody Clark (26070052),Kody Clark,26070052,W/UTIL,2500,WAS@NYR 12/27/2022 07:00PM ET,WAS,0
LW,Connor McMichael (26070054),Connor McMichael,26070054,W/UTIL,2500,WAS@NYR 12/27/2022 07:00PM ET,WAS,1.65
RW,Julien Gauthier (26070178),Julien Gauthier,26070178,W/UTIL,2500,WAS@NYR 12/27/2022 07:00PM ET,NYR,3.92
LW,Vitali Kravtsov (26070180),Vitali Kravtsov,26070180,W/UTIL,2500,WAS@NYR 12/27/2022 07:00PM ET,NYR,2.73
LW,Sammy Blais (26070182),Sammy Blais,26070182,W/UTIL,2500,WAS@NYR 12/27/2022 07:00PM ET,NYR,2.52
D,Trevor van Riemsdyk (26070544),Trevor van Riemsdyk,26070544,D/UTIL,2500,WAS@NYR 12/27/2022 07:00PM ET,WAS,6.36
D,Matt Irwin (26070546),Matt Irwin,26070546,D/UTIL,2500,WAS@NYR 12/27/2022 07:00PM ET,WAS,4.17
D,Alexander Alexeyev (26070548),Alexander Alexeyev,26070548,D/UTIL,2500,WAS@NYR 12/27/2022 07:00PM ET,WAS,5.18
D,Martin Fehervary (26070550),Martin Fehervary,26070550,D/UTIL,2500,WAS@NYR 12/27/2022 07:00PM ET,WAS,5.64
D,Lucas Johansen (26070552),Lucas Johansen,26070552,D/UTIL,2500,WAS@NYR 12/27/2022 07:00PM ET,WAS,4.2
D,Braden Schneider (26070648),Braden Schneider,26070648,D/UTIL,2500,WAS@NYR 12/27/2022 07:00PM ET,NYR,5.42
D,Ben Harpur (26070650),Ben Harpur,26070650,D/UTIL,2500,WAS@NYR 12/27/2022 07:00PM ET,NYR,3.76
D,Libor Hajek (26070652),Libor Hajek,26070652,D/UTIL,2500,WAS@NYR 12/27/2022 07:00PM ET,NYR,3.75
D,Zac Jones (26070654),Zac Jones,26070654,D/UTIL,2500,WAS@NYR 12/27/2022 07:00PM ET,NYR,3.74
C,Jujhar Khaira (26069582),Jujhar Khaira,26069582,C/UTIL,2500,CHI@CAR 12/27/2022 07:00PM ET,CHI,3.98
C,Reese Johnson (26069584),Reese Johnson,26069584,C/UTIL,2500,CHI@CAR 12/27/2022 07:00PM ET,CHI,2.47
C,Jalen Luypen (26069586),Jalen Luypen,26069586,C/UTIL,2500,CHI@CAR 12/27/2022 07:00PM ET,CHI,0
C,Jack Drury (26069622),Jack Drury,26069622,C/UTIL,2500,CHI@CAR 12/27/2022 07:00PM ET,CAR,3.46
RW,MacKenzie Entwistle (26069980),MacKenzie Entwistle,26069980,W/UTIL,2500,CHI@CAR 12/27/2022 07:00PM ET,CHI,2.74
LW,Boris Katchouk (26069982),Boris Katchouk,26069982,W/UTIL,2500,CHI@CAR 12/27/2022 07:00PM ET,CHI,2.46
RW,Colin Blackwell (26069984),Colin Blackwell,26069984,W/UTIL,2500,CHI@CAR 12/27/2022 07:00PM ET,CHI,2.83
RW,Jesper Fast (26070086),Jesper Fast,26070086,W/UTIL,2500,CHI@CAR 12/27/2022 07:00PM ET,CAR,4.78
RW,Derek Stepan (26070088),Derek Stepan,26070088,W/UTIL,2500,CHI@CAR 12/27/2022 07:00PM ET,CAR,3.49
LW,Max Pacioretty (26070090),Max Pacioretty,26070090,W/UTIL,2500,CHI@CAR 12/27/2022 07:00PM ET,CAR,0
RW,Ondrej Kase (26070092),Ondrej Kase,26070092,W/UTIL,2500,CHI@CAR 12/27/2022 07:00PM ET,CAR,0
D,Isaak Phillips (26070494),Isaak Phillips,26070494,D/UTIL,2500,CHI@CAR 12/27/2022 07:00PM ET,CHI,3.65
D,Ian Mitchell (26070496),Ian Mitchell,26070496,D/UTIL,2500,CHI@CAR 12/27/2022 07:00PM ET,CHI,4.41
D,Jarred Tinordi (26070498),Jarred Tinordi,26070498,D/UTIL,2500,CHI@CAR 12/27/2022 07:00PM ET,CHI,4.70
D,Alec Regula (26070500),Alec Regula,26070500,D/UTIL,2500,CHI@CAR 12/27/2022 07:00PM ET,CHI,4.1
D,Filip Roos (26070502),Filip Roos,26070502,D/UTIL,2500,CHI@CAR 12/27/2022 07:00PM ET,CHI,5.01
D,Jalen Chatfield (26070576),Jalen Chatfield,26070576,D/UTIL,2500,CHI@CAR 12/27/2022 07:00PM ET,CAR,3.43
D,Calvin de Haan (26070578),Calvin de Haan,26070578,D/UTIL,2500,CHI@CAR 12/27/2022 07:00PM ET,CAR,4.25
D,Dylan Coghlan (26070580),Dylan Coghlan,26070580,D/UTIL,2500,CHI@CAR 12/27/2022 07:00PM ET,CAR,4.77
D,Cavan Fitzgerald (26070582),Cavan Fitzgerald,26070582,D/UTIL,2500,CHI@CAR 12/27/2022 07:00PM ET,CAR,0
D,Jake Gardiner (26070584),Jake Gardiner,26070584,D/UTIL,2500,CHI@CAR 12/27/2022 07:00PM ET,CAR,0
D,Maxime Lajoie (26070586),Maxime Lajoie,26070586,D/UTIL,2500,CHI@CAR 12/27/2022 07:00PM ET,CAR,1
C,Josh Dunne (26069588),Josh Dunne,26069588,C/UTIL,2500,BUF@CLS 12/27/2022 07:30PM ET,CLS,0
C,Cole Sillinger (26069590),Cole Sillinger,26069590,C/UTIL,2500,BUF@CLS 12/27/2022 07:30PM ET,CLS,3.80
C,Brendan Gaunce (26069592),Brendan Gaunce,26069592,C/UTIL,2500,BUF@CLS 12/27/2022 07:30PM ET,CLS,4.22
C,Peyton Krebs (26069662),Peyton Krebs,26069662,C/UTIL,2500,BUF@CLS 12/27/2022 07:30PM ET,BUF,3.54
LW,Eric Robinson (26069986),Eric Robinson,26069986,W/UTIL,2500,BUF@CLS 12/27/2022 07:30PM ET,CLS,4.77
RW,Mathieu Olivier (26069988),Mathieu Olivier,26069988,W/UTIL,2500,BUF@CLS 12/27/2022 07:30PM ET,CLS,4.34
LW,Liam Foudy (26069990),Liam Foudy,26069990,W/UTIL,2500,BUF@CLS 12/27/2022 07:30PM ET,CLS,1.97
RW,Carson Meyer (26069992),Carson Meyer,26069992,W/UTIL,2500,BUF@CLS 12/27/2022 07:30PM ET,CLS,2.27
LW,Joona Luoto (26069994),Joona Luoto,26069994,W/UTIL,2500,BUF@CLS 12/27/2022 07:30PM ET,CLS,0
RW,Emil Bemstrom (26069996),Emil Bemstrom,26069996,W/UTIL,2500,BUF@CLS 12/27/2022 07:30PM ET,CLS,7.9
RW,Trey Fix-Wolansky (26069998),Trey Fix-Wolansky,26069998,W/UTIL,2500,BUF@CLS 12/27/2022 07:30PM ET,CLS,3.55
LW,Tyson Jost (26070184),Tyson Jost,26070184,W/UTIL,2500,BUF@CLS 12/27/2022 07:30PM ET,BUF,4.03
LW,Zemgus Girgensons (26070186),Zemgus Girgensons,26070186,W/UTIL,2500,BUF@CLS 12/27/2022 07:30PM ET,BUF,3.90
RW,Vinnie Hinostroza (26070188),Vinnie Hinostroza,26070188,W/UTIL,2500,BUF@CLS 12/27/2022 07:30PM ET,BUF,4.65
LW,Rasmus Asplund (26070190),Rasmus Asplund,26070190,W/UTIL,2500,BUF@CLS 12/27/2022 07:30PM ET,BUF,4.55
LW,Riley Sheahan (26070192),Riley Sheahan,26070192,W/UTIL,2500,BUF@CLS 12/27/2022 07:30PM ET,BUF,0.65
LW,Anders Bjork (26070194),Anders Bjork,26070194,W/UTIL,2500,BUF@CLS 12/27/2022 07:30PM ET,BUF,1.5
D,Tim Berni (26070504),Tim Berni,26070504,D/UTIL,2500,BUF@CLS 12/27/2022 07:30PM ET,CLS,4.52
D,Jake Christiansen (26070506),Jake Christiansen,26070506,D/UTIL,2500,BUF@CLS 12/27/2022 07:30PM ET,CLS,3.92
D,Gavin Bayreuther (26070508),Gavin Bayreuther,26070508,D/UTIL,2500,BUF@CLS 12/27/2022 07:30PM ET,CLS,4.85
D,Zach Werenski (26070510),Zach Werenski,26070510,D/UTIL,2500,BUF@CLS 12/27/2022 07:30PM ET,CLS,12.4
D,Billy Sweezey (26070512),Billy Sweezey,26070512,D/UTIL,2500,BUF@CLS 12/27/2022 07:30PM ET,CLS,0
D,Lawrence Pilut (26070656),Lawrence Pilut,26070656,D/UTIL,2500,BUF@CLS 12/27/2022 07:30PM ET,BUF,3.72
D,Ilya Lyubushkin (26070658),Ilya Lyubushkin,26070658,D/UTIL,2500,BUF@CLS 12/27/2022 07:30PM ET,BUF,3.47
D,Casey Fitzgerald (26070660),Casey Fitzgerald,26070660,D/UTIL,2500,BUF@CLS 12/27/2022 07:30PM ET,BUF,2.24
D,Jacob Bryson (26070662),Jacob Bryson,26070662,D/UTIL,2500,BUF@CLS 12/27/2022 07:30PM ET,BUF,5.48
D,Jeremy Davies (26070664),Jeremy Davies,26070664,D/UTIL,2500,BUF@CLS 12/27/2022 07:30PM ET,BUF,2.8
C,Casey Cizikas (26069624),Casey Cizikas,26069624,C/UTIL,2500,PIT@NYI 12/27/2022 07:30PM ET,NYI,4.04
C,Cole Bardreau (26069626),Cole Bardreau,26069626,C/UTIL,2500,PIT@NYI 12/27/2022 07:30PM ET,NYI,0
C,Teddy Blueger (26069652),Teddy Blueger,26069652,C/UTIL,2500,PIT@NYI 12/27/2022 07:30PM ET,PIT,4.61
C,Filip Hallander (26069654),Filip Hallander,26069654,C/UTIL,2500,PIT@NYI 12/27/2022 07:30PM ET,PIT,3.45
RW,Simon Holmstrom (26070094),Simon Holmstrom,26070094,W/UTIL,2500,PIT@NYI 12/27/2022 07:30PM ET,NYI,2.59
LW,Matt Martin (26070096),Matt Martin,26070096,W/UTIL,2500,PIT@NYI 12/27/2022 07:30PM ET,NYI,3.52
RW,Hudson Fasching (26070098),Hudson Fasching,26070098,W/UTIL,2500,PIT@NYI 12/27/2022 07:30PM ET,NYI,3.95
RW,Ross Johnston (26070100),Ross Johnston,26070100,W/UTIL,2500,PIT@NYI 12/27/2022 07:30PM ET,NYI,2.12
RW,Cal Clutterbuck (26070102),Cal Clutterbuck,26070102,W/UTIL,2500,PIT@NYI 12/27/2022 07:30PM ET,NYI,3.97
RW,Nikita Soshnikov (26070104),Nikita Soshnikov,26070104,W/UTIL,2500,PIT@NYI 12/27/2022 07:30PM ET,NYI,2
LW,Brock McGinn (26070156),Brock McGinn,26070156,W/UTIL,2500,PIT@NYI 12/27/2022 07:30PM ET,PIT,6.56
LW,Drew O'Connor (26070158),Drew O'Connor,26070158,W/UTIL,2500,PIT@NYI 12/27/2022 07:30PM ET,PIT,2.48
LW,Ryan Poehling (26070160),Ryan Poehling,26070160,W/UTIL,2500,PIT@NYI 12/27/2022 07:30PM ET,PIT,4.46
RW,Josh Archibald (26070162),Josh Archibald,26070162,W/UTIL,2500,PIT@NYI 12/27/2022 07:30PM ET,PIT,3.99
LW,Sam Poulin (26070164),Sam Poulin,26070164,W/UTIL,2500,PIT@NYI 12/27/2022 07:30PM ET,PIT,3.1
D,Jan Rutta (26070626),Jan Rutta,26070626,D/UTIL,2500,PIT@NYI 12/27/2022 07:30PM ET,PIT,5.17
D,Pierre-Olivier Joseph (26070628),Pierre-Olivier Joseph,26070628,D/UTIL,2500,PIT@NYI 12/27/2022 07:30PM ET,PIT,4.54
D,Chad Ruhwedel (26070630),Chad Ruhwedel,26070630,D/UTIL,2500,PIT@NYI 12/27/2022 07:30PM ET,PIT,2.66
D,Mark Friedman (26070632),Mark Friedman,26070632,D/UTIL,2500,PIT@NYI 12/27/2022 07:30PM ET,PIT,0
C,Logan Brown (26069594),Logan Brown,26069594,C/UTIL,2500,TOR@STL 12/27/2022 08:00PM ET,STL,2.34
C,Nikita Alexandrov (26069596),Nikita Alexandrov,26069596,C/UTIL,2500,TOR@STL 12/27/2022 08:00PM ET,STL,2.78
C,Tanner Dickinson (26069598),Tanner Dickinson,26069598,C/UTIL,2500,TOR@STL 12/27/2022 08:00PM ET,STL,0
C,Pontus Holmberg (26069638),Pontus Holmberg,26069638,C/UTIL,2500,TOR@STL 12/27/2022 08:00PM ET,TOR,3.93
C,Semyon Der-Arguchintsev (26069640),Semyon Der-Arguchintsev,26069640,C/UTIL,2500,TOR@STL 12/27/2022 08:00PM ET,TOR,0
RW,Tyler Pitlick (26070000),Tyler Pitlick,26070000,W/UTIL,2500,TOR@STL 12/27/2022 08:00PM ET,STL,1.96
LW,Alexey Toropchenko (26070002),Alexey Toropchenko,26070002,W/UTIL,2500,TOR@STL 12/27/2022 08:00PM ET,STL,3.14
RW,Nathan Walker (26070004),Nathan Walker,26070004,W/UTIL,2500,TOR@STL 12/27/2022 08:00PM ET,STL,2.97
RW,Will Bitten (26070006),Will Bitten,26070006,W/UTIL,2500,TOR@STL 12/27/2022 08:00PM ET,STL,1.25
LW,Jake Neighbours (26070008),Jake Neighbours,26070008,W/UTIL,2500,TOR@STL 12/27/2022 08:00PM ET,STL,2.67
LW,Matthew Peca (26070010),Matthew Peca,26070010,W/UTIL,2500,TOR@STL 12/27/2022 08:00PM ET,STL,0
LW,Calle Jarnkrok (26070128),Calle Jarnkrok,26070128,W/UTIL,2500,TOR@STL 12/27/2022 08:00PM ET,TOR,5.29
LW,Alexander Kerfoot (26070130),Alexander Kerfoot,26070130,W/UTIL,2500,TOR@STL 12/27/2022 08:00PM ET,TOR,6.21
RW,Pierre Engvall (26070132),Pierre Engvall,26070132,W/UTIL,2500,TOR@STL 12/27/2022 08:00PM ET,TOR,4.98
RW,Joey Anderson (26070134),Joey Anderson,26070134,W/UTIL,2500,TOR@STL 12/27/2022 08:00PM ET,TOR,2.6
LW,Zach Aston-Reese (26070136),Zach Aston-Reese,26070136,W/UTIL,2500,TOR@STL 12/27/2022 08:00PM ET,TOR,3.72
RW,Wayne Simmonds (26070138),Wayne Simmonds,26070138,W/UTIL,2500,TOR@STL 12/27/2022 08:00PM ET,TOR,2.74
LW,Dryden Hunt (26070140),Dryden Hunt,26070140,W/UTIL,2500,TOR@STL 12/27/2022 08:00PM ET,TOR,1.66
LW,Rodion Amirov (26070142),Rodion Amirov,26070142,W/UTIL,2500,TOR@STL 12/27/2022 08:00PM ET,TOR,0
LW,Kyle Clifford (26070144),Kyle Clifford,26070144,W/UTIL,2500,TOR@STL 12/27/2022 08:00PM ET,TOR,4
D,Niko Mikkola (26070514),Niko Mikkola,26070514,D/UTIL,2500,TOR@STL 12/27/2022 08:00PM ET,STL,3.55
D,Robert Bortuzzo (26070516),Robert Bortuzzo,26070516,D/UTIL,2500,TOR@STL 12/27/2022 08:00PM ET,STL,2.50
D,Scott Perunovich (26070518),Scott Perunovich,26070518,D/UTIL,2500,TOR@STL 12/27/2022 08:00PM ET,STL,0
D,Marco Scandella (26070520),Marco Scandella,26070520,D/UTIL,2500,TOR@STL 12/27/2022 08:00PM ET,STL,0
D,Tyler Tucker (26070522),Tyler Tucker,26070522,D/UTIL,2500,TOR@STL 12/27/2022 08:00PM ET,STL,4.2
D,Conor Timmins (26070610),Conor Timmins,26070610,D/UTIL,2500,TOR@STL 12/27/2022 08:00PM ET,TOR,5.02
D,Mac Hollowell (26070612),Mac Hollowell,26070612,D/UTIL,2500,TOR@STL 12/27/2022 08:00PM ET,TOR,4.47
D,Victor Mete (26070614),Victor Mete,26070614,D/UTIL,2500,TOR@STL 12/27/2022 08:00PM ET,TOR,2.93
D,Carl Dahlstrom (26070616),Carl Dahlstrom,26070616,D/UTIL,2500,TOR@STL 12/27/2022 08:00PM ET,TOR,0
C,Mark Jankowski (26069656),Mark Jankowski,26069656,C/UTIL,2500,DAL@NSH 12/27/2022 08:00PM ET,NSH,5.51
C,Radek Faksa (26069670),Radek Faksa,26069670,C/UTIL,2500,DAL@NSH 12/27/2022 08:00PM ET,DAL,3.57
C,Fredrik Karlstrom (26069672),Fredrik Karlstrom,26069672,C/UTIL,2500,DAL@NSH 12/27/2022 08:00PM ET,DAL,0
RW,Tanner Jeannot (26070166),Tanner Jeannot,26070166,W/UTIL,2500,DAL@NSH 12/27/2022 08:00PM ET,NSH,4.98
LW,Yakov Trenin (26070168),Yakov Trenin,26070168,W/UTIL,2500,DAL@NSH 12/27/2022 08:00PM ET,NSH,5.12
RW,Colton Sissons (26070170),Colton Sissons,26070170,W/UTIL,2500,DAL@NSH 12/27/2022 08:00PM ET,NSH,4
LW,Cole Smith (26070172),Cole Smith,26070172,W/UTIL,2500,DAL@NSH 12/27/2022 08:00PM ET,NSH,3.12
RW,Michael McCarron (26070174),Michael McCarron,26070174,W/UTIL,2500,DAL@NSH 12/27/2022 08:00PM ET,NSH,4.33
RW,Zach Sanford (26070176),Zach Sanford,26070176,W/UTIL,2500,DAL@NSH 12/27/2022 08:00PM ET,NSH,4.72
LW,Joel Kiviranta (26070222),Joel Kiviranta,26070222,W/UTIL,2500,DAL@NSH 12/27/2022 08:00PM ET,DAL,3.78
RW,Luke Glendening (26070224),Luke Glendening,26070224,W/UTIL,2500,DAL@NSH 12/27/2022 08:00PM ET,DAL,3.7
LW,Riley Tufte (26070226),Riley Tufte,26070226,W/UTIL,2500,DAL@NSH 12/27/2022 08:00PM ET,DAL,0.5
LW,Denis Gurianov (26070228),Denis Gurianov,26070228,W/UTIL,2500,DAL@NSH 12/27/2022 08:00PM ET,DAL,4.36
RW,Nick Caamano (26070230),Nick Caamano,26070230,W/UTIL,2500,DAL@NSH 12/27/2022 08:00PM ET,DAL,0
RW,Matej Blumel (26070232),Matej Blumel,26070232,W/UTIL,2500,DAL@NSH 12/27/2022 08:00PM ET,DAL,3.6
D,Alexandre Carrier (26070634),Alexandre Carrier,26070634,D/UTIL,2500,DAL@NSH 12/27/2022 08:00PM ET,NSH,4.38
D,Dante Fabbro (26070636),Dante Fabbro,26070636,D/UTIL,2500,DAL@NSH 12/27/2022 08:00PM ET,NSH,6.19
D,Jeremy Lauzon (26070638),Jeremy Lauzon,26070638,D/UTIL,2500,DAL@NSH 12/27/2022 08:00PM ET,NSH,3.27
D,Mark Borowiecki (26070640),Mark Borowiecki,26070640,D/UTIL,2500,DAL@NSH 12/27/2022 08:00PM ET,NSH,0.43
D,Jordan Gross (26070642),Jordan Gross,26070642,D/UTIL,2500,DAL@NSH 12/27/2022 08:00PM ET,NSH,7.71
D,Roland McKeown (26070644),Roland McKeown,26070644,D/UTIL,2500,DAL@NSH 12/27/2022 08:00PM ET,NSH,1.73
D,Kevin Gravel (26070646),Kevin Gravel,26070646,D/UTIL,2500,DAL@NSH 12/27/2022 08:00PM ET,NSH,3.45
D,Colin Miller (26070686),Colin Miller,26070686,D/UTIL,2500,DAL@NSH 12/27/2022 08:00PM ET,DAL,4.29
D,Joel Hanley (26070688),Joel Hanley,26070688,D/UTIL,2500,DAL@NSH 12/27/2022 08:00PM ET,DAL,2.96
C,Kevin Stenlund (26069628),Kevin Stenlund,26069628,C/UTIL,2500,MIN@WPG 12/27/2022 08:00PM ET,WPG,5.84
C,Steven Fogarty (26069674),Steven Fogarty,26069674,C/UTIL,2500,MIN@WPG 12/27/2022 08:00PM ET,MIN,0
C,Marco Rossi (26069676),Marco Rossi,26069676,C/UTIL,2500,MIN@WPG 12/27/2022 08:00PM ET,MIN,1.91
C,Joseph Cramarossa (26069678),Joseph Cramarossa,26069678,C/UTIL,2500,MIN@WPG 12/27/2022 08:00PM ET,MIN,2.82
C,Sammy Walker (26069680),Sammy Walker,26069680,C/UTIL,2500,MIN@WPG 12/27/2022 08:00PM ET,MIN,1.45
LW,Morgan Barron (26070106),Morgan Barron,26070106,W/UTIL,2500,MIN@WPG 12/27/2022 08:00PM ET,WPG,6.27
RW,Jansen Harkins (26070108),Jansen Harkins,26070108,W/UTIL,2500,MIN@WPG 12/27/2022 08:00PM ET,WPG,3.90
RW,Axel Jonsson-Fjallby (26070110),Axel Jonsson-Fjallby,26070110,W/UTIL,2500,MIN@WPG 12/27/2022 08:00PM ET,WPG,3.28
LW,David Gustafsson (26070112),David Gustafsson,26070112,W/UTIL,2500,MIN@WPG 12/27/2022 08:00PM ET,WPG,2.71
RW,Michael Eyssimont (26070114),Michael Eyssimont,26070114,W/UTIL,2500,MIN@WPG 12/27/2022 08:00PM ET,WPG,4.18
RW,Saku Maenalanen (26070116),Saku Maenalanen,26070116,W/UTIL,2500,MIN@WPG 12/27/2022 08:00PM ET,WPG,4.37
LW,Dominic Toninato (26070118),Dominic Toninato,26070118,W/UTIL,2500,MIN@WPG 12/27/2022 08:00PM ET,WPG,3.45
LW,Jordan Greenway (26070234),Jordan Greenway,26070234,W/UTIL,2500,MIN@WPG 12/27/2022 08:00PM ET,MIN,3.89
RW,Ryan Reaves (26070236),Ryan Reaves,26070236,W/UTIL,2500,MIN@WPG 12/27/2022 08:00PM ET,MIN,1.85
LW,Adam Beckman (26070238),Adam Beckman,26070238,W/UTIL,2500,MIN@WPG 12/27/2022 08:00PM ET,MIN,2.58
RW,Pavel Novak (26070240),Pavel Novak,26070240,W/UTIL,2500,MIN@WPG 12/27/2022 08:00PM ET,MIN,0
LW,Nic Petan (26070242),Nic Petan,26070242,W/UTIL,2500,MIN@WPG 12/27/2022 08:00PM ET,MIN,2.86
D,Dylan Samberg (26070588),Dylan Samberg,26070588,D/UTIL,2500,MIN@WPG 12/27/2022 08:00PM ET,WPG,5.58
D,Brenden Dillon (26070590),Brenden Dillon,26070590,D/UTIL,2500,MIN@WPG 12/27/2022 08:00PM ET,WPG,5.56
D,Ville Heinola (26070592),Ville Heinola,26070592,D/UTIL,2500,MIN@WPG 12/27/2022 08:00PM ET,WPG,1.38
D,Kyle Capobianco (26070594),Kyle Capobianco,26070594,D/UTIL,2500,MIN@WPG 12/27/2022 08:00PM ET,WPG,2.85
D,Logan Stanley (26070596),Logan Stanley,26070596,D/UTIL,2500,MIN@WPG 12/27/2022 08:00PM ET,WPG,3.7
D,Jon Merrill (26070690),Jon Merrill,26070690,D/UTIL,2500,MIN@WPG 12/27/2022 08:00PM ET,MIN,4.74
D,Andrej Sustr (26070692),Andrej Sustr,26070692,D/UTIL,2500,MIN@WPG 12/27/2022 08:00PM ET,MIN,0
C,Kevin Rooney (26069616),Kevin Rooney,26069616,C/UTIL,2500,EDM@CGY 12/27/2022 09:00PM ET,CGY,2.47
C,Dylan Holloway (26069642),Dylan Holloway,26069642,C/UTIL,2500,EDM@CGY 12/27/2022 09:00PM ET,EDM,2.03
C,Derek Ryan (26069644),Derek Ryan,26069644,C/UTIL,2500,EDM@CGY 12/27/2022 09:00PM ET,EDM,4.19
C,Devin Shore (26069646),Devin Shore,26069646,C/UTIL,2500,EDM@CGY 12/27/2022 09:00PM ET,EDM,2.19
C,Ryan McLeod (26069648),Ryan McLeod,26069648,C/UTIL,2500,EDM@CGY 12/27/2022 09:00PM ET,EDM,4.86
C,Brad Malone (26069650),Brad Malone,26069650,C/UTIL,2500,EDM@CGY 12/27/2022 09:00PM ET,EDM,1.57
RW,Milan Lucic (26070070),Milan Lucic,26070070,W/UTIL,2500,EDM@CGY 12/27/2022 09:00PM ET,CGY,3.28
LW,Trevor Lewis (26070072),Trevor Lewis,26070072,W/UTIL,2500,EDM@CGY 12/27/2022 09:00PM ET,CGY,5.98
RW,Brett Ritchie (26070074),Brett Ritchie,26070074,W/UTIL,2500,EDM@CGY 12/27/2022 09:00PM ET,CGY,4.40
RW,Matthew Phillips (26070076),Matthew Phillips,26070076,W/UTIL,2500,EDM@CGY 12/27/2022 09:00PM ET,CGY,0.75
LW,Radim Zohorna (26070078),Radim Zohorna,26070078,W/UTIL,2500,EDM@CGY 12/27/2022 09:00PM ET,CGY,0.9
RW,Klim Kostin (26070146),Klim Kostin,26070146,W/UTIL,2500,EDM@CGY 12/27/2022 09:00PM ET,EDM,4.16
LW,Warren Foegele (26070148),Warren Foegele,26070148,W/UTIL,2500,EDM@CGY 12/27/2022 09:00PM ET,EDM,5.00
RW,Jesse Puljujarvi (26070150),Jesse Puljujarvi,26070150,W/UTIL,2500,EDM@CGY 12/27/2022 09:00PM ET,EDM,3.94
LW,James Hamblin (26070152),James Hamblin,26070152,W/UTIL,2500,EDM@CGY 12/27/2022 09:00PM ET,EDM,1.98
LW,Tyler Benson (26070154),Tyler Benson,26070154,W/UTIL,2500,EDM@CGY 12/27/2022 09:00PM ET,EDM,0
D,Nick DeSimone (26070560),Nick DeSimone,26070560,D/UTIL,2500,EDM@CGY 12/27/2022 09:00PM ET,CGY,3.55
D,Connor Mackey (26070562),Connor Mackey,26070562,D/UTIL,2500,EDM@CGY 12/27/2022 09:00PM ET,CGY,4.5
D,Dennis Gilbert (26070564),Dennis Gilbert,26070564,D/UTIL,2500,EDM@CGY 12/27/2022 09:00PM ET,CGY,2.91
D,Oliver Kylington (26070566),Oliver Kylington,26070566,D/UTIL,2500,EDM@CGY 12/27/2022 09:00PM ET,CGY,0
D,Markus Niemelainen (26070618),Markus Niemelainen,26070618,D/UTIL,2500,EDM@CGY 12/27/2022 09:00PM ET,EDM,1.93
D,Oscar Klefbom (26070620),Oscar Klefbom,26070620,D/UTIL,2500,EDM@CGY 12/27/2022 09:00PM ET,EDM,0
D,Philip Broberg (26070622),Philip Broberg,26070622,D/UTIL,2500,EDM@CGY 12/27/2022 09:00PM ET,EDM,3.08
D,Ryan Murray (26070624),Ryan Murray,26070624,D/UTIL,2500,EDM@CGY 12/27/2022 09:00PM ET,EDM,3.28
C,Ben Meyers (26069574),Ben Meyers,26069574,C/UTIL,2500,COL@ARI 12/27/2022 09:00PM ET,COL,2.77
C,Martin Kaut (26069576),Martin Kaut,26069576,C/UTIL,2500,COL@ARI 12/27/2022 09:00PM ET,COL,2.56
C,Shane Bowers (26069578),Shane Bowers,26069578,C/UTIL,2500,COL@ARI 12/27/2022 09:00PM ET,COL,1.5
C,Callahan Burke (26069580),Callahan Burke,26069580,C/UTIL,2500,COL@ARI 12/27/2022 09:00PM ET,COL,2.8
C,Barrett Hayton (26069608),Barrett Hayton,26069608,C/UTIL,2500,COL@ARI 12/27/2022 09:00PM ET,ARI,3.74
C,Jack McBain (26069610),Jack McBain,26069610,C/UTIL,2500,COL@ARI 12/27/2022 09:00PM ET,ARI,3.73
C,Bryan Little (26069612),Bryan Little,26069612,C/UTIL,2500,COL@ARI 12/27/2022 09:00PM ET,ARI,0
C,Laurent Dauphin (26069614),Laurent Dauphin,26069614,C/UTIL,2500,COL@ARI 12/27/2022 09:00PM ET,ARI,1.5
LW,Denis Malgin (26069960),Denis Malgin,26069960,W/UTIL,2500,COL@ARI 12/27/2022 09:00PM ET,COL,4.58
RW,Jacob MacDonald (26069962),Jacob MacDonald,26069962,W/UTIL,2500,COL@ARI 12/27/2022 09:00PM ET,COL,2.34
LW,Kurtis MacDermid (26069964),Kurtis MacDermid,26069964,W/UTIL,2500,COL@ARI 12/27/2022 09:00PM ET,COL,1.26
RW,Darren Helm (26069966),Darren Helm,26069966,W/UTIL,2500,COL@ARI 12/27/2022 09:00PM ET,COL,0
LW,Gabriel Landeskog (26069968),Gabriel Landeskog,26069968,W/UTIL,2500,COL@ARI 12/27/2022 09:00PM ET,COL,0
LW,Alex Galchenyuk (26069970),Alex Galchenyuk,26069970,W/UTIL,2500,COL@ARI 12/27/2022 09:00PM ET,COL,1.4
LW,Anton Blidh (26069972),Anton Blidh,26069972,W/UTIL,2500,COL@ARI 12/27/2022 09:00PM ET,COL,1.62
LW,Charles Hudon (26069974),Charles Hudon,26069974,W/UTIL,2500,COL@ARI 12/27/2022 09:00PM ET,COL,4.23
LW,Sampo Ranta (26069976),Sampo Ranta,26069976,W/UTIL,2500,COL@ARI 12/27/2022 09:00PM ET,COL,2.02
RW,Jean-Luc Foudy (26069978),Jean-Luc Foudy,26069978,W/UTIL,2500,COL@ARI 12/27/2022 09:00PM ET,COL,2.29
RW,Christian Fischer (26070056),Christian Fischer,26070056,W/UTIL,2500,COL@ARI 12/27/2022 09:00PM ET,ARI,5.62
LW,Juuso Valimaki (26070058),Juuso Valimaki,26070058,W/UTIL,2500,COL@ARI 12/27/2022 09:00PM ET,ARI,4.21
RW,Zack Kassian (26070060),Zack Kassian,26070060,W/UTIL,2500,COL@ARI 12/27/2022 09:00PM ET,ARI,1.7
LW,Liam O'Brien (26070062),Liam O'Brien,26070062,W/UTIL,2500,COL@ARI 12/27/2022 09:00PM ET,ARI,2.57
LW,Andrew Ladd (26070064),Andrew Ladd,26070064,W/UTIL,2500,COL@ARI 12/27/2022 09:00PM ET,ARI,0
RW,Dylan Guenther (26070066),Dylan Guenther,26070066,W/UTIL,2500,COL@ARI 12/27/2022 09:00PM ET,ARI,5.41
RW,Jan Jenik (26070068),Jan Jenik,26070068,W/UTIL,2500,COL@ARI 12/27/2022 09:00PM ET,ARI,1.3
D,Andreas Englund (26070490),Andreas Englund,26070490,D/UTIL,2500,COL@ARI 12/27/2022 09:00PM ET,COL,1.71
D,Brad Hunt (26070492),Brad Hunt,26070492,D/UTIL,2500,COL@ARI 12/27/2022 09:00PM ET,COL,2.82
D,Troy Stecher (26070554),Troy Stecher,26070554,D/UTIL,2500,COL@ARI 12/27/2022 09:00PM ET,ARI,4.66
D,Patrik Nemeth (26070556),Patrik Nemeth,26070556,D/UTIL,2500,COL@ARI 12/27/2022 09:00PM ET,ARI,3.96
D,Dysin Mayo (26070558),Dysin Mayo,26070558,D/UTIL,2500,COL@ARI 12/27/2022 09:00PM ET,ARI,3.18
C,Nils Aman (26069604),Nils Aman,26069604,C/UTIL,2500,SJ@VAN 12/27/2022 10:00PM ET,VAN,2.83
C,Steven Lorentz (26069668),Steven Lorentz,26069668,C/UTIL,2500,SJ@VAN 12/27/2022 10:00PM ET,SJ,3.83
LW,Dakota Joshua (26070020),Dakota Joshua,26070020,W/UTIL,2500,SJ@VAN 12/27/2022 10:00PM ET,VAN,3.92
RW,Lane Pederson (26070022),Lane Pederson,26070022,W/UTIL,2500,SJ@VAN 12/27/2022 10:00PM ET,VAN,6.6
LW,Sheldon Dries (26070024),Sheldon Dries,26070024,W/UTIL,2500,SJ@VAN 12/27/2022 10:00PM ET,VAN,5.70
LW,Tanner Pearson (26070026),Tanner Pearson,26070026,W/UTIL,2500,SJ@VAN 12/27/2022 10:00PM ET,VAN,4.14
RW,Jack Studnicka (26070028),Jack Studnicka,26070028,W/UTIL,2500,SJ@VAN 12/27/2022 10:00PM ET,VAN,3.83
LW,Micheal Ferland (26070030),Micheal Ferland,26070030,W/UTIL,2500,SJ@VAN 12/27/2022 10:00PM ET,VAN,0
LW,Nils Hoglander (26070032),Nils Hoglander,26070032,W/UTIL,2500,SJ@VAN 12/27/2022 10:00PM ET,VAN,4.38
LW,Vasily Podkolzin (26070034),Vasily Podkolzin,26070034,W/UTIL,2500,SJ@VAN 12/27/2022 10:00PM ET,VAN,3.19
LW,Phillip Di Giuseppe (26070036),Phillip Di Giuseppe,26070036,W/UTIL,2500,SJ@VAN 12/27/2022 10:00PM ET,VAN,0
LW,Noah Gregor (26070208),Noah Gregor,26070208,W/UTIL,2500,SJ@VAN 12/27/2022 10:00PM ET,SJ,4.96
RW,Evgeny Svechnikov (26070210),Evgeny Svechnikov,26070210,W/UTIL,2500,SJ@VAN 12/27/2022 10:00PM ET,SJ,3.92
LW,Jonah Gadjovich (26070212),Jonah Gadjovich,26070212,W/UTIL,2500,SJ@VAN 12/27/2022 10:00PM ET,SJ,2.09
RW,Oskar Lindblom (26070214),Oskar Lindblom,26070214,W/UTIL,2500,SJ@VAN 12/27/2022 10:00PM ET,SJ,2.67
RW,Luke Kunin (26070216),Luke Kunin,26070216,W/UTIL,2500,SJ@VAN 12/27/2022 10:00PM ET,SJ,6.81
LW,C.J. Suess (26070218),C.J. Suess,26070218,W/UTIL,2500,SJ@VAN 12/27/2022 10:00PM ET,SJ,0
LW,Jeffrey Viel (26070220),Jeffrey Viel,26070220,W/UTIL,2500,SJ@VAN 12/27/2022 10:00PM ET,SJ,2.8
D,Tyler Myers (26070534),Tyler Myers,26070534,D/UTIL,2500,SJ@VAN 12/27/2022 10:00PM ET,VAN,5.83
D,Kyle Burroughs (26070536),Kyle Burroughs,26070536,D/UTIL,2500,SJ@VAN 12/27/2022 10:00PM ET,VAN,6.31
D,Riley Stillman (26070538),Riley Stillman,26070538,D/UTIL,2500,SJ@VAN 12/27/2022 10:00PM ET,VAN,3.54
D,Travis Dermott (26070540),Travis Dermott,26070540,D/UTIL,2500,SJ@VAN 12/27/2022 10:00PM ET,VAN,0
D,Jack Rathbone (26070542),Jack Rathbone,26070542,D/UTIL,2500,SJ@VAN 12/27/2022 10:00PM ET,VAN,3.23
D,Radim Simek (26070678),Radim Simek,26070678,D/UTIL,2500,SJ@VAN 12/27/2022 10:00PM ET,SJ,5.36
D,Markus Nutivaara (26070680),Markus Nutivaara,26070680,D/UTIL,2500,SJ@VAN 12/27/2022 10:00PM ET,SJ,0
D,Nikolai Knyzhov (26070682),Nikolai Knyzhov,26070682,D/UTIL,2500,SJ@VAN 12/27/2022 10:00PM ET,SJ,0
D,Nick Cicek (26070684),Nick Cicek,26070684,D/UTIL,2500,SJ@VAN 12/27/2022 10:00PM ET,SJ,3.88
C,Jake Leschyshyn (26069618),Jake Leschyshyn,26069618,C/UTIL,2500,VGK@LA 12/27/2022 10:30PM ET,VGK,2.3
C,Brett Howden (26069620),Brett Howden,26069620,C/UTIL,2500,VGK@LA 12/27/2022 10:30PM ET,VGK,3.51
C,Blake Lizotte (26069630),Blake Lizotte,26069630,C/UTIL,2500,VGK@LA 12/27/2022 10:30PM ET,LA,5.42
C,Rasmus Kupari (26069632),Rasmus Kupari,26069632,C/UTIL,2500,VGK@LA 12/27/2022 10:30PM ET,LA,3.61
C,Tyler Madden (26069634),Tyler Madden,26069634,C/UTIL,2500,VGK@LA 12/27/2022 10:30PM ET,LA,0
C,Lias Andersson (26069636),Lias Andersson,26069636,C/UTIL,2500,VGK@LA 12/27/2022 10:30PM ET,LA,1.5
LW,Jonas Rondbjerg (26070080),Jonas Rondbjerg,26070080,W/UTIL,2500,VGK@LA 12/27/2022 10:30PM ET,VGK,0.6
RW,Keegan Kolesar (26070082),Keegan Kolesar,26070082,W/UTIL,2500,VGK@LA 12/27/2022 10:30PM ET,VGK,2.81
LW,Nolan Patrick (26070084),Nolan Patrick,26070084,W/UTIL,2500,VGK@LA 12/27/2022 10:30PM ET,VGK,0
RW,Carl Grundstrom (26070120),Carl Grundstrom,26070120,W/UTIL,2500,VGK@LA 12/27/2022 10:30PM ET,LA,4.69
LW,Jaret Anderson-Dolan (26070122),Jaret Anderson-Dolan,26070122,W/UTIL,2500,VGK@LA 12/27/2022 10:30PM ET,LA,4.48
RW,Brendan Lemieux (26070124),Brendan Lemieux,26070124,W/UTIL,2500,VGK@LA 12/27/2022 10:30PM ET,LA,3.1
LW,Samuel Fagemo (26070126),Samuel Fagemo,26070126,W/UTIL,2500,VGK@LA 12/27/2022 10:30PM ET,LA,7.3
D,Ben Hutton (26070568),Ben Hutton,26070568,D/UTIL,2500,VGK@LA 12/27/2022 10:30PM ET,VGK,4.83
D,Shea Weber (26070570),Shea Weber,26070570,D/UTIL,2500,VGK@LA 12/27/2022 10:30PM ET,VGK,0
D,Kaedan Korczak (26070572),Kaedan Korczak,26070572,D/UTIL,2500,VGK@LA 12/27/2022 10:30PM ET,VGK,0
D,Brayden Pachal (26070574),Brayden Pachal,26070574,D/UTIL,2500,VGK@LA 12/27/2022 10:30PM ET,VGK,5.53
D,Alexander Edler (26070598),Alexander Edler,26070598,D/UTIL,2500,VGK@LA 12/27/2022 10:30PM ET,LA,6.11
D,Sean Walker (26070600),Sean Walker,26070600,D/UTIL,2500,VGK@LA 12/27/2022 10:30PM ET,LA,5.62
D,Jordan Spence (26070602),Jordan Spence,26070602,D/UTIL,2500,VGK@LA 12/27/2022 10:30PM ET,LA,3.3
D,Brandt Clarke (26070604),Brandt Clarke,26070604,D/UTIL,2500,VGK@LA 12/27/2022 10:30PM ET,LA,5.3
D,Tobias Bjornfot (26070606),Tobias Bjornfot,26070606,D/UTIL,2500,VGK@LA 12/27/2022 10:30PM ET,LA,4.85
D,Jacob Moverare (26070608),Jacob Moverare,26070608,D/UTIL,2500,VGK@LA 12/27/2022 10:30PM ET,LA,10.1
